baseMean	log2FoldChange	lfcSE	stat	pvalue	padj	gene_name	DE
26.0893514663149	-2.21649638613862	0.784590168516712	-2.8250371660009	0.00472751320978328	0.0423510090688564	Rp1	Down
17.362066462444	-2.86132759530249	0.922083456164264	-3.1031113031842	0.00191497604832293	0.0210634504495856	St18	Down
42.6449558429208	-1.63211333326813	0.535465299562502	-3.04802820014973	0.00230348309725832	0.0243087251303538	Cpa6	Down
1391.96569610218	-1.06676021474163	0.243832173165363	-4.37497726773805	1.2144513346705e-05	0.000316724266866776	Prex2	Down
1083.11437477539	-1.15010324865713	0.234078094409005	-4.91333138865851	8.95417402843876e-07	3.33298777813114e-05	Prdm14	Down
181.073303825094	-1.59300681454885	0.341175822690973	-4.66916677150287	3.02423807325684e-06	9.73103559210228e-05	Gsta3	Down
16.5050111591657	-2.01228486597936	0.692527164412001	-2.90571254008197	0.00366417903215299	0.0349719837928914	4931428L18Rik	Down
20.3685639955558	-1.70843242890484	0.411957289243644	-4.1471105707136	3.3669748246846e-05	0.00076561646543905	Zap70	Down
188.076840853333	-1.03214888851102	0.317930898226912	-3.24645668057829	0.00116851229744957	0.0141801238279474	Vwa3b	Down
113.231503597722	-1.50444121711249	0.44557678412755	-3.37639049139021	0.000734436018982812	0.00970830760201815	Lonrf2	Down
33.8257630531656	-1.7786469408336	0.431551167645088	-4.12152039939879	3.76380135571281e-05	0.000840975970039077	Rfx8	Down
75.7553917654458	-1.02748203649312	0.287171139475314	-3.57794323750783	0.000346308632709274	0.00535584776818932	Tmeff2	Down
630.305408327216	-2.4152638465455	0.173206583480003	-13.9444113382928	3.40243669077066e-44	4.64375901012015e-41	1700019D03Rik	Down
82.1286922337942	-1.47065656726102	0.280300173228699	-5.24672015118983	1.54830808064656e-07	7.24519706995125e-06	Dnah7a	Down
825.389396422198	-1.18001055183938	0.118132625643985	-9.98886247898663	1.70527341493742e-23	7.54836972698513e-21	Pgap1	Down
14.8645434288643	-2.56949003373495	0.675896225032028	-3.80160435666465	0.000143762164011113	0.00255096069574649	Flacc1	Down
666.75413694184	-1.3738856311676	0.228262626872875	-6.01888118957273	1.7562671309635e-09	1.32553654704701e-07	Fzd5	Down
11.8260816558966	1.74106372919068	0.480961112056377	3.61996778023624	0.000294639702074651	0.0046941722184617	Myl1	Up
10.3701231846522	-2.41123553386461	0.859206332496697	-2.80635214461001	0.00501059014551315	0.0439888194133484	Marchf4	Down
33.3032668730798	1.2761078169037	0.34275467399841	3.72309384440259	0.00019679633163722	0.00330916870590799	Igfbp5	Up
12.1170400379881	-1.44290367717901	0.516708843959049	-2.792488833989	0.00523042727739523	0.0454209639179105	Prss56	Down
5.75231646563107	-2.29479999726871	0.832078874064241	-2.75791162207964	0.00581719229742482	0.0494416063555909	Chrnd	Down
35.6976503367985	-1.74151139844603	0.337157056661768	-5.16528236332629	2.40076224219166e-07	1.08318688712438e-05	Efhd1	Down
19.1475702206374	-2.00168022391461	0.709693665104904	-2.82048484062307	0.00479511390563287	0.042728169502968	Trpm8	Down
272.961073735927	-1.38491656447802	0.413805923774358	-3.3467780060906	0.000817566544413666	0.0106355082322534	Gbx2	Down
8.86793021621751	-2.82257654214481	0.79982624588561	-3.52898714772669	0.00041715338927155	0.00619282234888812	Iqca	Down
1635.39620143985	1.1683287263583	0.17734994169958	6.58770290625403	4.4668331466391e-11	4.81755140303079e-09	Pam	Up
47.9122512879656	-1.24235322769421	0.330535371411532	-3.75860901781498	0.000170860590063411	0.00293944826056571	Rnf152	Down
5536.02040778782	-1.39091917135626	0.195274091519462	-7.12290688710046	1.0567421501287e-12	1.37359705831809e-10	Tfcp2l1	Down
371.172201783603	-1.2048043978845	0.249880726291435	-4.82151791282749	1.4246992444186e-06	5.00723695817334e-05	Inhbb	Down
537.162556835988	1.26391230424224	0.259476257542315	4.87101331048035	1.11027359240453e-06	3.99649690030798e-05	Tmem163	Up
1260.86170563285	-1.83631215795752	0.121440154994419	-15.1211282465994	1.17511847371648e-51	1.92460903625284e-48	Lemd1	Down
1932.94937200034	1.00140021525912	0.134714718264985	7.4334878041266	1.05770948421987e-13	1.60399684560677e-11	Atp2b4	Up
9.24561802184685	-5.83905800457233	1.79459447111186	-3.2536921842597	0.00113915641784906	0.0138921100607088	Ptprc	Down
12.4929962296369	-3.11786336475375	0.538803377404194	-5.78664406257949	7.18065064561595e-09	4.74212484975395e-07	Cfh	Down
924.568581044781	-1.14514017343198	0.116617114232924	-9.81965795470419	9.26573970695908e-23	3.67525403564072e-20	Nmnat2	Down
34.2282942317914	-2.62261967785134	0.671475027836967	-3.9057590664237	9.39300652795023e-05	0.00179090408515447	Cacna1e	Down
23.1716504574051	-1.51073519743535	0.428346009891773	-3.52690386404454	0.000420449395798272	0.00623178299039286	Fmo1	Down
1025.30588575003	-2.40599786844439	0.240384926752175	-10.0089381682607	1.39238923286246e-23	6.51558595880609e-21	Dusp27	Down
526.635334902869	-2.72856293339109	0.149260149038736	-18.2805856148715	1.18150656936706e-74	4.83767864827341e-71	Gpa33	Down
32.5441343273182	-1.68044373776761	0.456546948461032	-3.68076874335092	0.000232531831865681	0.00382754406260917	Fcgr2b	Down
47.1831298521583	-1.33529315360221	0.373336137631538	-3.57665122394358	0.000348024020054419	0.00536987548805605	Fcgr3	Down
15.7110495031085	-3.14458539816305	1.00445360478214	-3.13064275262876	0.00174424202894437	0.0195335374599219	Cd244a	Down
1841.855025663	-1.11595846826017	0.105148844501472	-10.6131310672135	2.58924025043608e-26	1.69626307286568e-23	Parp1	Down
260.446460349617	-4.07113184293702	0.972382087711666	-4.18676145353287	2.82962943288755e-05	0.000655241660605751	Lefty2	Down
180.924640741491	-1.60649469791249	0.254091437158599	-6.32250624372575	2.57354621750712e-10	2.35472290225317e-08	Pycr2	Down
81.2482100726663	-3.87050431481846	0.750833226723357	-5.15494543536569	2.5370479377824e-07	1.14153217376374e-05	Lefty1	Down
57.8147934404782	-1.53624045592007	0.340234917476739	-4.51523455415214	6.32467239278972e-06	0.000178288269275577	Tmem63a	Down
41.5806387788564	-1.58851572961087	0.362132241304491	-4.38656255485188	1.15156057325103e-05	0.000302247741485663	Cnih3	Down
153.073949208604	-1.28433385421414	0.19568571863262	-6.56324775864374	5.26482606308057e-11	5.56305298458926e-09	Atf3	Down
620.216743689896	1.09778991160706	0.0911437112642923	12.0446040256553	2.07068344034473e-33	2.11960333662288e-30	Kcnh1	Up
52.5906750027815	1.45171069204607	0.274335162740947	5.29174123193575	1.21157241737631e-07	5.8534315786989e-06	Sertad4	Up
322.40454407921	-1.09101016963338	0.236321642993905	-4.61663246671622	3.90017104605265e-06	0.000119314296288603	Syne1	Down
17.1811503833034	-3.00819137457762	1.0775052046444	-2.79181145632646	0.00524138874880559	0.0454679369321705	Grm1	Down
35.9506867056785	1.24593286370441	0.274719972665136	4.5352831525763	5.75262560092488e-06	0.000163570316131854	Hebp2	Up
18.0112841972252	-2.83846946829388	0.969518707006668	-2.92770985003218	0.00341468541075657	0.0330725710569906	Pde7b	Down
23.0231787034293	-1.37766787007848	0.460772144933107	-2.98991135906986	0.00279058415183846	0.0282648034872049	Myb	Down
26.6325565436287	1.24482090938915	0.450725541999519	2.76181576900844	0.00574809030094444	0.0489813855092966	Taar2	Up
122.610443930359	-3.22978787683061	0.96277715370309	-3.35465778805408	0.000794632203134701	0.0103866609919714	Themis	Down
558.860318384322	-1.03126258279489	0.262058829701766	-3.93523310765185	8.31159836627093e-05	0.00161479665531181	Soga3	Down
131.830537851641	-1.25040938659737	0.377329878824433	-3.31383613323442	0.000920254220888949	0.0117108963711882	Nkain2	Down
213.920773944471	1.05922325780612	0.218332599398897	4.85142054243079	1.22580318112492e-06	4.39304256027656e-05	Cd24a	Up
185.874780819894	-1.25255460366724	0.420157555408766	-2.98115453963133	0.00287163838497001	0.0289604023824131	Slc35f1	Down
1311.57520459451	1.16122299256828	0.260699420078008	4.45425997580207	8.41830460948723e-06	0.000229791654823636	Unc5b	Up
41.3440351465677	-1.09196475153376	0.38846382712653	-2.81098180906837	0.00493905782524781	0.04349026293651	Aire	Down
78.830864497165	-1.04800411411546	0.257858814359307	-4.06425553735444	4.81860121797388e-05	0.0010356830806821	Cnn2	Down
93.468247409434	-1.01965750408434	0.25279921670896	-4.03346781433361	5.49597114252641e-05	0.0011599615383028	ENSMUSG00000112790	Down
153.934942523782	-1.12488318244735	0.29298548150929	-3.83938199480948	0.000123344395698347	0.0022297290427677	Rfx4	Down
11.5332454959698	-2.77201886538083	0.838800544709135	-3.30474137489033	0.000950640781800782	0.0120043135885376	1700113H08Rik	Down
111.935206952176	-1.12234409253543	0.270675987020011	-4.14644869274071	3.37671802540653e-05	0.000765858119802326	Spic	Down
14.7167682743983	-1.76317340050665	0.580876272565893	-3.03536825960925	0.00240242152271918	0.0250776671122337	Slc5a8	Down
36.5766234112249	-1.15604915188169	0.346506380835069	-3.33629975037011	0.000849015683877548	0.0109922362613016	Nr1h4	Down
222.38424901931	-1.01204656277018	0.282969671096644	-3.57651955719498	0.000348199277586734	0.00536987548805605	Anks1b	Down
124.258916668235	-1.19137117284351	0.233469377996398	-5.10290121585833	3.34485621101457e-07	1.41190863463909e-05	Hal	Down
1068.2921168678	-1.44102345069451	0.348258726396467	-4.13779567164099	3.50658425953292e-05	0.000787802976716464	Socs2	Down
1457.62115446896	1.61577050534319	0.327888427926247	4.92780582578728	8.31581980010406e-07	3.12377285977304e-05	Kitl	Up
80.5261790044315	-2.63161085864266	0.569626696648398	-4.61988680328131	3.83949460010976e-06	0.000118217563546058	Mgat4c	Down
50.9260748244028	-1.11390109960937	0.311732936565962	-3.57325443977804	0.000352571871288336	0.00542708844733118	Olfr814	Down
306.108970494821	-1.06541101271217	0.17396850365765	-6.12416035266228	9.11630525303656e-10	7.38420016479408e-08	Camk2b	Down
2371.38376067891	-2.01816731823973	0.139683935137896	-14.4480989617553	2.57700778543243e-47	3.83693031907384e-44	Upp1	Down
2886.10969492779	-2.35096423724779	0.181589445358576	-12.946590770215	2.45622051869604e-38	2.87342711822884e-35	Cobl	Down
27.5462217443721	-1.67162945677036	0.420361376870316	-3.97664854277529	6.98933461935554e-05	0.00141497308276644	Vstm2a	Down
263.777435711669	-1.90120083697244	0.663721572495345	-2.86445539177615	0.0041772698639424	0.0385655726221244	Ccdc85a	Down
7.0287273827674	-3.23347447201749	1.12636213519063	-2.8707236962207	0.00409533318428397	0.0380019075876504	Gabrb2	Down
13.8582630141354	-2.63359277012134	0.845862003918635	-3.11350167984927	0.00184881457477779	0.0204732150816163	Adra1b	Down
77.2404588137413	1.11356540889461	0.240785647475661	4.62471671617041	3.75110709154433e-06	0.000116797779363713	Slc22a4	Up
16.5722672618628	1.64863771414341	0.520518642300954	3.16729811415707	0.00153862500991252	0.0176715290409167	Trim58	Up
37.692181427748	1.18188303453141	0.271944153843039	4.34605053217495	1.38610649834561e-05	0.000351963600463635	Rasd1	Up
80.8339489010534	-1.90613771059087	0.376760317737124	-5.05928469866307	4.20832143978959e-07	1.72309721352185e-05	Slc47a1	Down
125.15870994066	-1.89221650575609	0.460680875361428	-4.10743446701917	4.00078239078819e-05	0.00088666866030215	Shisa6	Down
61.0249412036894	-2.08252374376213	0.36251206177609	-5.74470193780319	9.20830437248657e-09	5.96101221393617e-07	Pirt	Down
804.302652857063	-1.56466520542904	0.292260992173797	-5.35365733822798	8.61940182504241e-08	4.34364809509368e-06	Ntn1	Down
26.4357619470226	-1.31775788324316	0.4098648787553	-3.2151031999741	0.0013039763389139	0.0154533462219478	Tnfsfm13	Down
15.50597344202	-2.5369692061349	0.649856383458794	-3.9038921071024	9.46579923891308e-05	0.00180059070772263	Asgr2	Down
119.034718908252	-2.15192033649609	0.524295822809418	-4.10440107068774	4.05363688381317e-05	0.00089716844436611	Slc13a5	Down
261.913590723565	-1.21306727972837	0.286388225784267	-4.2357442468398	2.27795938484134e-05	0.000549461248968063	Xaf1	Down
278.049994614153	-1.34505331118337	0.214016196112335	-6.28482019406309	3.2823336293158e-10	2.97005857353227e-08	Smtnl2	Down
15.9861871085594	-1.84718547437371	0.535713678463542	-3.44808346068658	0.000564579551459264	0.0079234652046271	Spns3	Down
181.317293341795	1.25393240295182	0.299986334177174	4.17996508538033	2.91553856388096e-05	0.000669715155669597	Rflnb	Up
47.0384070320253	-1.49845188960792	0.364602324685038	-4.1098253855138	3.95958414988494e-05	0.000882313866759395	Coro6	Down
11.2806159136092	-3.66514982453863	1.15515325476329	-3.17286888940955	0.00150940671206985	0.0174214680269768	Ccl1	Down
196.391308546835	1.47515047857265	0.242172544985007	6.09132004895095	1.11983416273673e-09	8.7878075667399e-08	Mmp28	Up
42.1991621065544	-1.37095487144487	0.344569546165185	-3.97874648732781	6.92795633173364e-05	0.00140602315738703	Hnf1b	Down
45.6544200333067	-2.93334788346583	0.467665867803321	-6.27231552570662	3.55717792507343e-10	3.18357705228703e-08	Ankfn1	Down
22.3706034271135	-1.7046462589452	0.473983134947259	-3.59642808627544	0.000322616718761383	0.00505144992339764	Hlf	Down
42.7498091990896	-1.81129455891879	0.643292080672168	-2.81566432004912	0.00486764971790371	0.0430565046072018	Car10	Down
27.6610536640332	-1.44067282939649	0.386493200652565	-3.72755025693602	0.000193350013447809	0.00326462527860641	Copz2	Down
1984.1750200899	-1.12486181621737	0.170860386755564	-6.58351439779083	4.5945607220088e-11	4.91828205915426e-09	Jup	Down
12.0024915212786	-2.14772987340706	0.586229793199878	-3.663631392195	0.000248664566098594	0.00404833823415783	Gm11627	Down
80.7611199525681	-1.17594386389779	0.374410491133598	-3.14078769624591	0.00168494126227455	0.0190317020645052	ENSMUSG00000040838	Down
58.3464431577703	1.00464673867183	0.318988187184855	3.14947944479724	0.00163561614346381	0.018551330469287	Cd300a	Up
74.1878528317933	-1.37263384007457	0.32426613019227	-4.23304721729858	2.30546077715845e-05	0.000554461624204127	Kcnf1	Down
264.908909515325	1.85986004331529	0.470431574492729	3.95351873504833	7.70102309502687e-05	0.00151960670181145	Sox11	Up
6.60773595738953	-3.55915171040813	1.26923347028362	-2.80417416790373	0.00504456466869689	0.0441817540876565	Dcdc2c	Down
40.2042354661624	-2.35420634378474	0.384756093769055	-6.11869800611351	9.43430029408401e-10	7.57426324590725e-08	Tpo	Down
130.434023294018	-1.04224604117673	0.377726927764232	-2.75925798392451	0.00579327802644777	0.0493151286471734	Hdac9	Down
150.358713874672	-2.84301664187486	0.495787132812072	-5.73434938851569	9.788736283071e-09	6.31180798598964e-07	Dgkb	Down
2381.31211366558	-1.16552438046081	0.106997629166779	-10.8929925787803	1.24481354894279e-27	8.49481512691042e-25	Etv1	Down
78.5394583791624	-1.89725831169917	0.656218088436149	-2.89120087533792	0.00383772734369309	0.0361855488975276	Npas3	Down
192.096739503406	1.47488550965383	0.240545844327369	6.13141130655572	8.71028904113861e-10	7.13285569578841e-08	Dact1	Up
65.3898770899088	-1.57001842519881	0.238330691447613	-6.58756291798831	4.47104538564343e-11	4.81755140303079e-09	Six1	Down
21.5016486378089	-1.80675456386888	0.616893895551067	-2.92879306619645	0.0034028088052486	0.0330168815384793	Syt16	Down
261.397189416139	-1.171141859339	0.220544924645626	-5.31021904594177	1.09493555694396e-07	5.38524160709552e-06	Tex21	Down
82.9386298780449	1.24983665891309	0.251618128308404	4.96719639127587	6.79277876649217e-07	2.6054363146981e-05	Hspa2	Up
40.1115427865295	-2.14444861745225	0.606157390224372	-3.53777525777335	0.000403513354546213	0.00605750845165709	Rgs6	Down
749.111758973064	1.24929830167857	0.131048767623567	9.53307935918282	1.52685589365551e-21	5.20975954714373e-19	Flvcr2	Up
54.2821283545664	-1.30028110243205	0.388666283275074	-3.34549498730712	0.000821358438390297	0.0106678893766505	Dglucy	Down
5.84050163879401	-3.05275831278615	0.972280975619239	-3.13979023485662	0.00169068847538953	0.0190834568228324	Serpina3i	Down
62.1477452646156	-1.65699964432697	0.41291512934346	-4.01293032532283	5.99696184940089e-05	0.00124484462825713	Tcl1	Down
398.261300912486	1.12610992519406	0.212259958475966	5.3053337675159	1.12467018834324e-07	5.49846219244347e-06	Bcl11b	Up
683.902473257682	-1.40951503349064	0.220129687519457	-6.40311195356624	1.52241472990168e-10	1.42480619693313e-08	Mok	Down
18.8567914972555	-1.53997787043709	0.54443367235647	-2.82858674734723	0.00467540282030124	0.0419868294540608	Akr1c21	Down
321.212807183125	-4.49738270923015	0.234382332641475	-19.1882325708807	4.64158855673165e-82	3.80099686910755e-78	Aoah	Down
2621.16998193781	-1.26558370407165	0.356631064929794	-3.54871975137891	0.000387108839301903	0.00587043386119126	Cdyl	Down
101.126084996107	1.7017881034453	0.417945878668483	4.07179060807338	4.66531095718557e-05	0.00101203262061967	Rbm24	Up
253.192233023179	1.33189837258541	0.26453330042906	5.03489870812158	4.78101575004048e-07	1.92391832811211e-05	Ninj1	Up
36.9647572161213	-1.9718690964405	0.700064942581455	-2.8166945328948	0.00485206491324865	0.0430482768955506	Shc3	Down
231.202151027277	1.70385158613403	0.36575552502876	4.65844387723208	3.18608640509382e-06	0.000102116875034494	Gadd45g	Up
52.9811607453491	1.14636783732525	0.359435790775767	3.18935361125572	0.001425913378603	0.0165511051132246	Diras2	Up
26.1912840089045	-1.50085268958884	0.458298070685691	-3.2748396416841	0.00105721967333901	0.0131076031869389	Eif4e1b	Down
35.3774656453366	-1.67288642941554	0.376456823203616	-4.44376705721366	8.8397311137157e-06	0.000239697212219265	Rasgrf2	Down
30.9349874432118	1.11948490836079	0.31724204704804	3.52880369666531	0.000417442659248533	0.00619282234888812	Serf1	Up
29.7052114535215	-3.85851480158408	0.503705609223668	-7.66025775954924	1.85560278766434e-14	3.2330917506773e-12	Fst	Down
635.072667911274	1.36000466409452	0.412798705995878	3.29459526965691	0.000985635275636517	0.0123415401715404	Itga1	Up
42.550501450197	-1.28288392075971	0.282155003112106	-4.54673461965865	5.44846270201099e-06	0.000156278322475545	Gm2897	Down
39.9240081908887	-1.35384061337256	0.333169607716472	-4.06351774596645	4.83386454431117e-05	0.00103760201188373	D830030K20Rik	Down
27.5024574617074	-1.07135179601101	0.365100297427689	-2.93440406255269	0.00334188846430802	0.0325794340883552	ENSMUSG00000096793	Down
124.996913520336	-1.47537139553877	0.340054777949555	-4.33862863046622	1.43374560032647e-05	0.000362374775341774	Gm5796	Down
29.9350908034094	-1.10304374357136	0.358978588773299	-3.07272850823967	0.0021211136677513	0.0228399734716837	Gm8108	Down
47.5701803100733	-1.17205157277186	0.331566080101146	-3.53489588686008	0.000407935854330752	0.00610152823947859	Gm2974	Down
32.3722881131822	-1.51681183480948	0.449545012929232	-3.37410446381319	0.000740562582858203	0.0097813983726223	ENSMUSG00000091418	Down
84.0284746104329	-1.2010378764058	0.223401551987136	-5.37613935857958	7.60998993725711e-08	3.90709765493408e-06	Gm3173	Down
53.1067633244841	-1.5749415614152	0.273289864969816	-5.7628977993353	8.26818668066986e-09	5.39507416159406e-07	ENSMUSG00000090707	Down
142.748290755349	-1.40882122266396	0.31096435525269	-4.53049103174269	5.88467529076203e-06	0.000166711947611105	ENSMUSG00000091275	Down
84.1462038600059	-1.29592473744572	0.245755055071267	-5.27323735851502	1.34038024717062e-07	6.34472476536426e-06	ENSMUSG00000091568	Down
59.1549273613107	-1.55125685528692	0.302064318678317	-5.13551836269325	2.81367404036448e-07	1.23545183466728e-05	Gm3411	Down
137.591063383582	-1.38359269182063	0.248124968625599	-5.57619291393588	2.4583929340274e-08	1.4256662427671e-06	Gm10406	Down
81.4612985074777	-1.26316930129988	0.334664979433997	-3.77442929175384	0.000160374386542285	0.00279129830264563	Gm3696	Down
41.7502461314163	-1.20354620187278	0.341021757285567	-3.52923582193891	0.000416761572749273	0.00619282234888812	Gm3558	Down
220.124991913866	-1.67642827914707	0.418629500088416	-4.00456317290826	6.21321861599395e-05	0.0012816132807651	Fhit	Down
45.3918153446248	-1.49717339337099	0.325464746238682	-4.60010926121328	4.22269395819956e-06	0.000126897764490628	Gm2237	Down
5633.79879379373	-1.08039688439392	0.125025585987236	-8.64140628386429	5.55252841251047e-18	1.44348111650947e-15	Nid2	Down
70.301807027388	1.46110766529891	0.204505011251826	7.14460568156792	9.02545975326464e-13	1.20178032389405e-10	Vstm4	Up
27.5049052558314	-1.52887215713104	0.536915975409259	-2.84750729565398	0.00440630842136164	0.0402490347602125	Wdfy4	Down
71.9545898435123	-1.803031337712	0.407460019310672	-4.42505093079392	9.64195326120321e-06	0.000257192036664473	Fam25c	Down
94.4686633575922	-2.36291588786902	0.450702610048038	-5.24273841595274	1.58210761051603e-07	7.38226736325686e-06	Sncg	Down
46.463321379681	-2.03721227892629	0.500820697525804	-4.06774777678059	4.74697218592345e-05	0.00102497566521694	Cdhr1	Down
13.6483741038514	-2.99613853768816	0.730143366335564	-4.1034934724192	4.06957940165618e-05	0.000897696852767716	Gm2832	Down
183.185726753237	-2.74405454116868	0.534223431604085	-5.13652973425229	2.79858088648434e-07	1.23544899619516e-05	1700024B05Rik	Down
204.9018291639	-2.34904349776247	0.66686720210118	-3.52250566583729	0.00042748790405568	0.00630188739210075	Gm9732	Down
43.649711472617	-1.51224200419867	0.49356718596384	-3.06390304542947	0.00218469700389849	0.0233897134904057	Gm21154	Down
142.676778724795	-2.16393196584117	0.389325695550326	-5.55815347040573	2.7264360990498e-08	1.56679194492062e-06	Ptger2	Down
1017.86019696886	-1.27884273467276	0.130287183081022	-9.81556822728659	9.64928095814819e-23	3.67525403564072e-20	Zfhx2	Down
1070.95587842453	-1.52792192696383	0.363620019836821	-4.20197415876472	2.64597343930449e-05	0.000615564673138194	Tdh	Down
816.192179140096	-1.07731422284311	0.214354637360147	-5.02584985382453	5.01207927375308e-07	2.00044518373487e-05	Dock5	Down
28.3055303567987	-1.57434109683054	0.408238713842099	-3.85642283166578	0.000115058397634317	0.00210315450497193	Tnfsf11	Down
6234.86990259523	-1.39080860636205	0.137729754181026	-10.0980983712062	5.63237548634147e-24	2.79536502167578e-21	Klf5	Down
6.05633693016502	-2.52360731177052	0.738957426539003	-3.41509161575132	0.000637605617922797	0.00873262711383409	Gm5089	Down
72.5454573377143	-1.29866815549658	0.295773796642886	-4.39074782903969	1.12961484602105e-05	0.000297441028105029	Zic5	Down
49.5348357880964	-1.62181889367454	0.316806474189168	-5.11927320243505	3.06715371729773e-07	1.32543122907394e-05	Zic2	Down
69.2687825655876	-2.03001405035765	0.48052100414335	-4.22461043919748	2.39354452554116e-05	0.000571450032643049	Fgf14	Down
13.3610082267285	2.60934112168092	0.674896759180596	3.866281895988	0.000110507199653816	0.00203586829688435	Selenop	Up
14.0315312518173	-1.58397677659356	0.47908151537578	-3.30627821311605	0.000945441634612802	0.0119755940384288	Ugt3a2	Down
102.602755495171	-1.30744392812818	0.385873589919384	-3.38827005082501	0.00070334977168905	0.00938831504541423	Cdh18	Down
14.0937420723663	-1.7880347737539	0.527615074092401	-3.38890009317809	0.000701735729885867	0.00937441091686031	Kcns2	Down
117.848610989711	-1.48086703917678	0.267707095809093	-5.53166898584122	3.1719807111832e-08	1.79140345130202e-06	Dpys	Down
74.5291247530573	-1.19176262765002	0.411585662029874	-2.89553970799769	0.00378507139458305	0.0358184791175392	Zfpm2	Down
12.9431358306878	-2.00049688342049	0.703237873243552	-2.84469446190885	0.00444540416436222	0.0405383237215615	Angpt1	Down
24.8224820441671	1.43438855528588	0.509149182837561	2.81722647042626	0.00484403557948958	0.0430006109376037	Tmem74	Up
440.273681160155	-1.7135462894244	0.2188740437582	-7.82891502346175	4.92098092954229e-15	9.26388800736134e-13	Sntb1	Down
441.64409996766	-2.1306054245695	0.225843913228606	-9.43397319905997	3.94842403724869e-21	1.31974058942978e-18	Myc	Down
11.7566385846795	-2.04362833884596	0.584872379266242	-3.49414404114931	0.000475584347825938	0.00689302694574621	Hhla1	Down
907.947161678048	-1.23530307628362	0.217988007484156	-5.66683961443798	1.45455375449519e-08	8.92235258094465e-07	Adgrb1	Down
23.280392676711	-3.58723422713234	0.987802400353779	-3.63153017835104	0.000281745702630968	0.00453283999773084	Mroh4	Down
120.59423567139	-1.95825516098033	0.49924022150523	-3.92247073978958	8.76455400388171e-05	0.00168877488794794	Cacng2	Down
135.511422885454	1.20744035067566	0.36985094534122	3.2646674718154	0.00109592654299114	0.0135057072393596	Cdc42ep1	Up
158.413171850892	-1.43143402789839	0.376363199446655	-3.80333154251781	0.000142763085830996	0.00253873378907714	ENSMUSG00000116283	Down
751.700705050206	1.14688418324805	0.235437484563792	4.87128965624545	1.10872157060851e-06	3.99649690030798e-05	Pdgfb	Up
22.027453369808	-1.36219895358296	0.472451403349201	-2.88325729149359	0.0039358582006755	0.0368561953177035	Grap2	Down
421.312855289919	-2.77182332076331	0.279278794976313	-9.92493297243852	3.24320559526522e-23	1.39782161155931e-20	Rapgef3	Down
276.641345121355	-2.20448047291606	0.25333183869143	-8.70194794425828	3.26235235795775e-18	8.61787208365033e-16	Hdac7	Down
473.873257399979	1.09540227692872	0.349271015262589	3.13625302146865	0.00171121499947838	0.0192636023925635	Fignl2	Up
897.692941554195	-1.05781025165894	0.139511053702697	-7.58226838364487	3.39564929075885e-14	5.50633109743053e-12	Rarg	Down
8.68545125811244	-1.85083551665579	0.669147175835771	-2.76596178463142	0.00567551854001021	0.0486199950920507	Sp7	Down
11.4945489311211	-3.3335017287268	0.696467111145579	-4.78630171530097	1.6988261327432e-06	5.88232016957042e-05	Kng2	Down
17.2818673122193	-2.31574439428618	0.582721225941951	-3.97401757683161	7.06703444173258e-05	0.00142541736559971	Masp1	Down
53.7591389373114	-1.49933134241204	0.329333606240026	-4.55262176104581	5.29814780876095e-06	0.000152769480302618	Apod	Down
37.6646543232195	-1.27779417045875	0.438704367134921	-2.91265432073024	0.00358371074850763	0.0344246420170428	Meltf	Down
155.3156338911	-1.44091556683907	0.321138661772164	-4.4868953457287	7.22685508326564e-06	0.000200612597548686	Adcy5	Down
693.385013964625	-1.6401529750538	0.263543744104314	-6.22345630182975	4.86320312751524e-10	4.19208109591813e-08	Sema5b	Down
44.5577517141841	-1.46881944197411	0.467050973955163	-3.1448803746957	0.00166154755963492	0.018793388074379	Cd200	Down
9.24837726506142	-3.54512086956081	1.19429782880413	-2.96837253159087	0.00299381246004545	0.0299344691517853	Myh15	Down
26.3121724241903	-1.38503156290738	0.438307186506082	-3.15995631727605	0.00157792794490969	0.0180722404767349	Htr1f	Down
48.4128129759116	-1.56573793533334	0.515352039732265	-3.03819101239373	0.00238003041393633	0.0249233619689573	Cadm2	Down
8.5197088782203	-2.84443388292452	0.900980198662901	-3.15704372542904	0.00159377445449281	0.018190131021382	Samsn1	Down
18.6315284730307	-2.02683857733636	0.689438122030264	-2.93984117293617	0.00328380526665936	0.0320895958576057	Ncam2	Down
5236.23589404551	-1.83614111139986	0.226884099612871	-8.0928593697524	5.8280139251551e-16	1.20824319071127e-13	Jam2	Down
19.5041614559892	-2.4194882063621	0.814210908504094	-2.97157429492967	0.00296277180089722	0.0296603157427229	Grik1	Down
2312.0862092122	-1.33171947296807	0.202530800587544	-6.57539233096761	4.85250466232667e-11	5.16067021815495e-09	Hunk	Down
120.276257169153	-1.06774697788082	0.334509173477295	-3.19198115490037	0.00141300551345673	0.0164337305127577	Dscam	Down
86.1893194535079	-4.0623756851756	1.26432516766063	-3.21307824053853	0.00131320510735836	0.0155402263354878	T	Down
632.26925414104	1.22863801200942	0.145833234062784	8.42495210303338	3.60897849716759e-17	8.95573482221376e-15	Lix1	Up
672.809675870167	-1.23412885007279	0.202196630799746	-6.10360739044688	1.03700835122527e-09	8.24471979435318e-08	Zscan10	Down
30.498060716169	-2.06857982530948	0.447758240012079	-4.61985875514803	3.84001366506918e-06	0.000118217563546058	Mmp25	Down
41.6037905067041	1.42340099919662	0.408050840158749	3.48829326914965	0.000486114572410467	0.00701461186514417	Cldn6	Up
46.7736674062026	-1.03566355380906	0.244871754627485	-4.22941206667378	2.34302837145916e-05	0.000562566874967171	Gng13	Down
27.2981507421459	-1.83812411006376	0.491425145206161	-3.74039490651753	0.000183731356687099	0.0031215271367441	Mslnl	Down
30.6497487434763	-2.81504639032019	0.657740988322224	-4.27987070944271	1.87001915202061e-05	0.000461948320841532	Msln	Down
272.63589779644	-1.37595493198857	0.289184406159682	-4.758053694046	1.9546851015851e-06	6.65568245192531e-05	Grm4	Down
1330.80445898371	1.4713672123947	0.229682336996294	6.40609648803096	1.49292504334554e-10	1.40523714712145e-08	Cdkn1a	Up
80.0866987951963	-1.71423820139913	0.240380325257686	-7.13135819065672	9.93833131394841e-13	1.30658749619004e-10	Myo1f	Down
365.965260655357	-1.77978444086173	0.186609776750883	-9.53746621345396	1.46364563860194e-21	5.10033792957928e-19	Notch4	Down
241.257677004516	1.09532475654574	0.133414475944353	8.20993935472639	2.2130024181164e-16	4.89791264917707e-14	Nfkbie	Up
27.4946077729704	-2.19521176549819	0.708515752748238	-3.09832457074279	0.00194618154654417	0.0213207768356524	Cntnap5c	Down
30.3234184128585	-3.5790639718952	0.714259469072417	-5.01087367668111	5.41834751540879e-07	2.14351921756921e-05	Pdzph1	Down
42.6777332707536	-1.23661206605739	0.312970487769916	-3.95120982450748	7.77571124510075e-05	0.0015278931867128	ENSMUSG00000117121	Down
171.641130663114	-1.61908855292151	0.353116895276208	-4.58513476579775	4.53693705785996e-06	0.000135101736606601	Alk	Down
5.50057689925872	-2.96574009146272	1.01937548571123	-2.90936964154431	0.00362158384087225	0.0347070217354041	Capn13	Down
11.6424751921811	-2.44809774029266	0.835607077429113	-2.92972355837943	0.0033926367379262	0.0329956083692134	Galnt14	Down
47.617594680674	-1.24885048483896	0.372298499249045	-3.35443330380862	0.000795277223291132	0.0103868025223781	Qpct	Down
365.415631204257	-2.55306925105802	0.153903140574249	-16.5888054105453	8.39740228234421e-62	1.52814060644704e-58	Cdc42ep3	Down
173.607819003094	-1.17725419338222	0.152094077141249	-7.74030268311441	9.91804131410102e-15	1.7850294576082e-12	Rmdn2	Down
1148.24703017262	-1.27081390357899	0.241286175111482	-5.26683264381737	1.38797630752254e-07	6.55108817423752e-06	Epas1	Down
12.3503762203944	-2.17840429640096	0.766195886028895	-2.84314277343798	0.00446710545552834	0.0406456961948018	Odad2	Down
166.797122844527	1.2831714713225	0.400415030520165	3.20460365749903	0.00135248579859095	0.0158902528043921	Gata6	Up
586.994766019011	-1.12230676987294	0.184599981848784	-6.07966890696815	1.20430961320339e-09	9.39246802145007e-08	Rnf125	Down
20.3380741565164	-2.18728351782476	0.640687536812883	-3.41396295720915	0.000640252800758702	0.00875297192890319	Rit2	Down
564.728612589912	1.0636397830695	0.204708948282824	5.19586364930168	2.0377157828279e-07	9.40104481440997e-06	Nrep	Up
8205.80717408241	1.21311962829711	0.32213125334011	3.76591720212968	0.000165938780771414	0.00286984725604459	Hbegf	Up
505.121737541463	1.01054441072405	0.273340415774938	3.69701790296575	0.000218146963546112	0.00362354053646878	Pcdh1	Up
58.0232332495797	-1.07680776649676	0.255214907370391	-4.21921970621411	2.45149289362103e-05	0.000582736583624458	Sh3rf2	Down
49.1336708192127	-1.09199288123208	0.275014448504636	-3.97067458517063	7.16694150771789e-05	0.00143848245114465	Stk32a	Down
13.3227088699281	-1.90257889762285	0.490314561810057	-3.88032305342768	0.000104317814498746	0.00194813815947601	Spink1	Down
545.565898947758	1.18612630796781	0.305014069863797	3.88875932345505	0.000100757973585338	0.00189898054244035	Synpo	Up
178.006651643242	-1.08368246175608	0.225402040662131	-4.80777573518278	1.52618835159388e-06	5.32961893867899e-05	Ppargc1b	Down
7.1694254814915	-3.68674994251148	1.05810576500066	-3.48429246343743	0.000493439975330808	0.00708908764558594	Htr4	Down
232.397017886335	1.46517431504447	0.36972359302474	3.96289104262391	7.40475814307547e-05	0.00147402331107068	Cidea	Up
184.105016923292	-1.45477504850233	0.490011192425137	-2.96886085663153	0.00298905912047846	0.0299051987020136	Ldlrad4	Down
812.532981640446	-1.43772624239408	0.146453888516073	-9.81692092276737	9.52071481143625e-23	3.67525403564072e-20	Katnal2	Down
184.7390159086	-1.22610469890712	0.425911255939731	-2.87877975002526	0.00399217034856284	0.0372557071047078	Sall3	Down
99.6392039176671	1.19416210191215	0.300373380295973	3.97559231359145	7.02043043182749e-05	0.00141776337376659	Rab3il1	Up
5.05982554497832	-2.5840545048896	0.842040316520886	-3.06880140319921	0.00214919410526395	0.0230816400367298	Olfr1425	Down
13.2076866777504	-2.11796976007331	0.764264610192525	-2.77125190912579	0.00558412072782033	0.0480087817744049	Mamdc2	Down
1601.45367006538	1.4157717796281	0.159673824614356	8.86664913956601	7.53799579222809e-19	2.12857405319158e-16	Dmrt1	Up
66.8076612414827	1.38010481508332	0.280020692570059	4.92858153594498	8.28287669231028e-07	3.11855067739443e-05	Dmrt3	Up
6.31727792804978	-2.08547966675188	0.736085196224346	-2.8332041962657	0.00460839375309987	0.0415161016987182	Ankrd1	Down
2074.67263249656	-1.07792941569045	0.3208963496991	-3.3591202165472	0.000781910446067292	0.0102336165136833	Myof	Down
10.8087107333525	-3.33300045558005	1.00373997955491	-3.32058154847834	0.000898301113499554	0.0115120310147854	Cyp2c69	Down
21.2936075223843	-4.61538630617276	1.36800621221785	-3.37380507847999	0.000741368442873979	0.0097841517787188	Opalin	Down
28.2180424062527	-1.11896565647147	0.388058782188949	-2.88349525337283	0.00393288574098114	0.0368494294426711	Calhm3	Down
281.162380122647	1.10864141646361	0.25743261435094	4.30653054298817	1.65835040699806e-05	0.000414031447649608	Gfra1	Up
1054.46466797108	-1.05794740281138	0.219815181155081	-4.81289507509035	1.4875940154969e-06	5.20594333030089e-05	Ccdc3	Down
39.6708994573946	-1.13526157644502	0.334138441495972	-3.39757847484514	0.000679850859058625	0.00912671915546079	Prkcq	Down
25.2200629876972	1.23518676460677	0.372570877499023	3.315306802556	0.00091542594021398	0.0116585117020409	C1ql3	Up
42.4066232309064	-1.79400236207529	0.558959050635308	-3.209541665058	0.00132946777014188	0.0156873365557519	Gpr158	Down
42.2552151180068	-1.57922794747246	0.436707485582341	-3.61621451339812	0.000298942673732522	0.00473967387259559	Ntng2	Down
768.662950313219	-1.18787598294887	0.176673389705021	-6.72357045354809	1.77324681204831e-11	2.00291284742947e-09	Tbc1d13	Down
129.205314934223	1.60904786916913	0.312210312568076	5.15373068856683	2.55354596977864e-07	1.14346407685496e-05	Aif1l	Up
8.51787437714256	-2.80834098146058	0.843475286902782	-3.32948816055148	0.000870057631580906	0.0111985912588934	Olfr365	Down
127.924645373858	-2.03949411134443	0.572628213356026	-3.56163748794611	0.0003685490265925	0.00563068652754848	Lrp1b	Down
73.7108990403864	-1.64565732386981	0.27447194228872	-5.99572149396138	2.02583961513211e-09	1.48785655679972e-07	Upp2	Down
758.607020405425	-2.82318184206262	0.126888994310305	-22.2492254541681	1.14757376669588e-109	1.87949631509452e-105	Dpp4	Down
13.5064351198138	-2.05519404918594	0.742411445914953	-2.76826827023538	0.00563550461187512	0.0483997349414214	Scn9a	Down
140.860982753926	-2.70445649226727	0.383479777422258	-7.05240967449853	1.75845562336015e-12	2.24999892182754e-10	Rapgef4	Down
340.440347877408	-1.48522257026973	0.182287637608434	-8.14768675350372	3.7095174711899e-16	7.8901918367725e-14	Ttn	Down
217.975677605283	1.04870707969756	0.347405280550173	3.01868491473925	0.00253874417498856	0.0262000958399261	Frzb	Up
24.2587093332474	-1.42021544850008	0.395535913108878	-3.5906106157019	0.000329904182825829	0.00514098069107652	Olfr153	Down
77.4894095248797	1.02941159199415	0.360915868727004	2.85222036821216	0.00434149915252962	0.0397457088430017	Syt13	Up
36.1688124427025	2.00228529099122	0.568695547754693	3.52083869637557	0.000430184216438197	0.0063245575375447	Alx4	Up
9.9314480485287	-3.16176009835434	0.928890319113534	-3.40380347743499	0.000664545465523546	0.00898755213405833	Gm13889	Down
11.27794389185	-4.49782410202672	0.879734758951828	-5.11270477409091	3.1757842454301e-07	1.35550492225625e-05	Ehf	Down
16.186661501898	-2.07308632035175	0.546800043379754	-3.79130606416574	0.000149857142413094	0.00263061123091282	4931422A03Rik	Down
82.5760783620301	-1.80695498994071	0.257894491868522	-7.006566820597	2.44236943517175e-12	3.07700973917253e-10	D430041D05Rik	Down
46.8183743673267	-1.10793861949941	0.387214455998694	-2.86130489793272	0.00421901090140676	0.0388851775707596	Them7	Down
227.915840631464	-2.72934140344543	0.499064661728774	-5.46891337485391	4.5280296772605e-08	2.47200233513908e-06	Meis2	Down
203.740762870515	-1.79427510754474	0.269543865162018	-6.6567091277193	2.80026591539001e-11	3.09883480826064e-09	Itpka	Down
51.3159933177398	-1.13331674909937	0.25477477357824	-4.44830833595592	8.6549229441348e-06	0.000235857450880266	Ltk	Down
297.694629532066	-1.0547519091325	0.150145632360039	-7.0248590821695	2.14282404984687e-12	2.72055599134822e-10	Tyro3	Down
122.755507713667	-4.07501838306448	0.5353060790697	-7.61250159935861	2.68840866955913e-14	4.44755123131712e-12	Pla2g4e	Down
410.581413926593	-1.25840302302128	0.15267471824152	-8.24237986167806	1.68818595430072e-16	3.78754925473113e-14	Shf	Down
24.674610227837	-1.43879126030277	0.386170727006533	-3.72579058867513	0.000194704001935727	0.00328072237006515	Mall	Down
121.342949864919	-2.91820835963981	0.395161417758588	-7.38485142651908	1.52623719926111e-13	2.25195611256743e-11	Acoxl	Down
268.0036214193	-1.30205320207365	0.240801024398401	-5.40717468011856	6.4026692605709e-08	3.35025294407764e-06	Sirpa	Down
542.588572199314	1.09680386951471	0.314339171426428	3.48923700643977	0.000484401453211855	0.00700841607836021	Ebf4	Up
172.284731807132	1.11358002257632	0.246849380020581	4.5111720454128	6.44704018635221e-06	0.000181425471086042	Bmp2	Up
4.57911500145392	-4.33637047347347	1.4330558750378	-3.02596050091842	0.00247844677549936	0.0256911400564105	Banf2	Down
145.068823184004	-3.66138384867117	0.356264654289316	-10.277145949196	8.93338438011006e-25	4.87703231258142e-22	Syndig1	Down
55.9321202324077	-2.13046079602949	0.435651989097303	-4.89028134691622	1.00691952977655e-06	3.69760718804493e-05	Slc52a3	Down
3125.2302205157	1.11026562184148	0.0953910082019039	11.6391014495989	2.60748131033019e-31	2.13526644502939e-28	Nol4l	Up
470.069614536035	1.28116297705898	0.275832640710869	4.64471127766894	3.40552378697537e-06	0.000107675035874677	Myh7b	Up
67.8273446220635	1.17536038117711	0.276568677745865	4.24979571351581	2.13965565607836e-05	0.000522254550450839	Procr	Up
20.8161390321261	-2.36378614340432	0.638906719768599	-3.69973592429962	0.000215823924885906	0.00359224008311115	Vstm2l	Down
109.241358466554	-1.75534210239392	0.539861943006898	-3.25146479601266	0.00114811993060431	0.0139708890979259	Ptprt	Down
6401.06852347165	-1.39906942320842	0.117961421903971	-11.8603980913977	1.90069281243335e-32	1.72941927122408e-29	Mybl2	Down
52.86294153775	-1.13495845215614	0.335972268127232	-3.37813135138386	0.000729802119126585	0.00966265085453129	Gtsf1l	Down
74.4016133470456	-1.15334501670034	0.249976004587795	-4.61382290913154	3.95329296366682e-06	0.000120124363931234	Gm14393	Down
6845.89298369822	-1.1785799406049	0.0635294892255818	-18.5516986673697	7.90150272016859e-77	4.31369371836404e-73	Dido1	Down
179.038447233979	-1.41255652055805	0.335614571132958	-4.20886529386846	2.56656335172679e-05	0.000602223131440993	Il7	Down
2380.01592944657	-1.19191625762738	0.173106902932314	-6.88543459236536	5.76113807513643e-12	6.88729338646602e-10	Stmn2	Down
26.8706032406356	-2.0500449821141	0.685554885552007	-2.99034406335448	0.00278663369434289	0.028242256587839	Egfem1	Down
197.577929052546	-1.53785025346323	0.541907201486569	-2.83784797331457	0.00454188096591722	0.0411204679158608	Mecom	Down
24.2134186985127	-1.98121662497279	0.39989103667806	-4.95439117973482	7.25571084544471e-07	2.75717012126899e-05	ENSMUSG00000104901	Down
121.543925329299	-1.09206085369117	0.285222879786451	-3.82879821741089	0.000128770529063217	0.00231504250822983	Fgf2	Down
141.897915750865	1.20123707033006	0.289118719175144	4.15482288299141	3.25539614364454e-05	0.000743610572393449	ENSMUSG00000106062	Up
604.298709538119	-1.64549508775456	0.588246868775718	-2.79728660720154	0.00515337965756535	0.0449664635224322	Pdgfc	Down
9.14538660725899	-4.87393340656608	1.44694267976822	-3.36843571947633	0.000755960225546471	0.00993669066934198	Fga	Down
23.687379398367	-1.53523181745598	0.538886582535833	-2.84889597776151	0.004387122180709	0.0400961423413237	Dchs2	Down
95.5095496648452	-1.20285540842864	0.225846621658506	-5.32598362373308	1.00408177743682e-07	4.99843506105175e-06	ENSMUSG00000103766	Down
449.031310463975	-1.12293085111079	0.214948261796861	-5.22419135527613	1.74917820897777e-07	8.13864792802214e-06	Mex3a	Down
59.2804411635028	-1.04043328978255	0.211915359542472	-4.90966436802344	9.12324034872355e-07	3.38443439630375e-05	Rab25	Down
1165.55668600822	-2.07340936891832	0.121502335309908	-17.0647696904739	2.71457747079911e-65	7.40989163612463e-62	Ubqln4	Down
1536.62687770736	-1.70040949645061	0.125441014902147	-13.5554507254031	7.35589177324154e-42	9.26729195862692e-39	Ssr2	Down
971.878008696789	-2.2540822472968	0.289856726878539	-7.77653936677948	7.45353966543315e-15	1.38720537091437e-12	She	Down
345.279420426996	-2.52097397288997	0.151477813655922	-16.6425294374548	3.42825544053274e-62	7.01849595063065e-59	Tspan2	Down
15.0054959301276	-2.38708400850718	0.840097337532586	-2.84143741666672	0.00449106657826002	0.0408183620525763	Ntng1	Down
543.468871666344	1.2511763540687	0.204254005544602	6.12559029495012	9.03480159465054e-10	7.36179007548192e-08	F3	Up
2949.27987604572	-1.16836269936208	0.213398739036279	-5.47502157059817	4.37458320258251e-08	2.40966490094706e-06	Tet2	Down
73.6881258367117	-1.53573885083366	0.328506076400971	-4.67491763823313	2.9407161372872e-06	9.4809151371043e-05	Slc9b2	Down
16.03866306571	-2.4838126218855	0.876529653725838	-2.8336892098603	0.0046014058849267	0.0414759634470718	Tnni3k	Down
49.5585637713345	-1.79079798451628	0.58199966423362	-3.07697425714911	0.00209113359289435	0.0226212589064886	Negr1	Down
204.593736493053	-1.08403271184482	0.247876641736898	-4.37327496551869	1.22396403936329e-05	0.000317687528315244	Cth	Down
316.086943616362	1.29765474687414	0.312923491313051	4.14687545965016	3.37043272427375e-05	0.00076561646543905	Gem	Up
100.008081595789	-1.49712340918505	0.277898676598269	-5.38729952769547	7.15241826663735e-08	3.71852469034199e-06	Runx1t1	Down
102.572253151239	-1.58797756006609	0.333874072265936	-4.75621706498143	1.9725437089484e-06	6.70255619609065e-05	Ttpa	Down
47.0680004915851	-1.96291652926326	0.560497923865672	-3.50209420175067	0.000461616376381589	0.00671682648446394	Nkain3	Down
913.878750360662	-1.22681711116967	0.389487506532472	-3.14982403952254	0.00163368825631772	0.0185423051018515	Fut9	Down
62.5235842062202	-1.98232714729296	0.635699635573016	-3.11833928535464	0.00181873302380061	0.0201947182805467	Lingo2	Down
20.445863504134	-1.86557754500323	0.470680697664599	-3.96357351015192	7.3836113338857e-05	0.00147294502346383	Igfbpl1	Down
792.585243010027	1.44251059933218	0.365658666022753	3.94496489040525	7.98116716651169e-05	0.00156274852883029	Ptgr1	Up
33.6566881845449	-3.83137605716964	0.82829948043957	-4.62559273263865	3.73528635757718e-06	0.000116526704694093	Mup6	Down
59.290944641165	-1.76072102257843	0.354289326530194	-4.96972640926673	6.70474392288619e-07	2.57966039706849e-05	Tlr4	Down
83.3480396653756	2.13418947927794	0.311065612736116	6.86089812533671	6.8428951932498e-12	8.0628012571975e-10	Rasef	Up
529.009061045326	-1.83924234414986	0.159415975082798	-11.5373778769323	8.54916813766067e-31	6.36446707993666e-28	Adamtsl1	Down
18.5481933058581	-1.67144264325222	0.592799203472129	-2.81957639865622	0.00480870824586044	0.0428260052477989	Saxo1	Down
458.330465729492	1.15166782499455	0.301953911957988	3.81405167936619	0.000136706861093331	0.00244697811036784	Jun	Up
2225.32209797136	-1.09326361106724	0.141822560734049	-7.70867205759578	1.27133635555658e-14	2.2389190141189e-12	L1td1	Down
285.321847598537	-1.07283248162851	0.294670494332829	-3.64078692051449	0.000271806018615233	0.00438153442212626	Foxd3	Down
57.3621979733742	-1.23956690188673	0.310463202589463	-3.99263710336021	6.53425296644988e-05	0.00134107763263805	Mycl	Down
872.154325026981	-1.34731794480943	0.208082589945197	-6.47491914227077	9.48627269454816e-11	9.24798655900654e-09	Zc3h12a	Down
718.099837876569	-1.29391200261588	0.198981027284278	-6.50269033322109	7.88961004053882e-11	7.97629834839165e-09	Dlgap3	Down
81.8544087711161	1.07786144627519	0.260325410116317	4.14043886762182	3.46641983241214e-05	0.000780921925931858	A3galt2	Up
23.4379020618236	-2.81540331937775	0.494692743766755	-5.69121612324516	1.2613772802468e-08	7.82531708177352e-07	Spocd1	Down
214.769897764668	-1.3674696640163	0.172975043079684	-7.90558938254666	2.66668844030619e-15	5.26205099702828e-13	Adgrb2	Down
542.147572895159	1.40733123673894	0.256204158591747	5.49300700064545	3.95147122373735e-08	2.20126515994457e-06	Tinagl1	Up
59.7287394719554	1.08556233869502	0.238308042910808	4.55529039404396	5.23132573711177e-06	0.000151643633491003	Crybg2	Up
846.392556854187	1.19024355933228	0.132845205287052	8.95962753612674	3.25776962355265e-19	9.52781265974022e-17	Slc30a2	Up
1034.14732412109	1.06112711644038	0.196988624885386	5.38674310284555	7.17458665373104e-08	3.71852469034199e-06	Iffo2	Up
4667.8898972076	-1.18207009017377	0.256094678785656	-4.61575420379247	3.91670291767493e-06	0.000119455792152104	Epha2	Down
39.9537977272317	-1.10177136656253	0.251501487708987	-4.38077474848734	1.18258073798135e-05	0.00030939788061755	Fam131c	Down
197.05631938124	-1.61766478983374	0.288845320056224	-5.60045352134788	2.13791726631152e-08	1.27025469924782e-06	Tnfrsf8	Down
163.012232097381	-1.25563049172441	0.26841176991564	-4.6780008645636	2.89685325461855e-06	9.39498269388962e-05	ENSMUSG00000078500	Down
101.581901498834	-1.29512742436812	0.212626391786379	-6.09109440030994	1.1214139586327e-09	8.7878075667399e-08	Zfp987	Down
267.715739788369	-1.51484894048764	0.300304304933062	-5.04437970286609	4.54994977941931e-07	1.8445316209735e-05	Zfp988	Down
17.4926698135982	-1.90704270001078	0.630454561692866	-3.02486938137156	0.00248740525777776	0.0257514053804577	Slc2a7	Down
22.0164407073973	-1.82553529716759	0.43335024167681	-4.21260938981792	2.52437392706568e-05	0.000595818298455392	Trp73	Down
673.504405818164	-1.25951539096373	0.23243079751534	-5.41888340283566	5.99724120334597e-08	3.15828991731191e-06	Prdm16	Down
42.1942450223268	-1.82172031394982	0.652219243436113	-2.79311034178075	0.00522038812753268	0.0453819091044216	Reln	Down
468.453826148192	-1.41531476331881	0.335570133426737	-4.21764222240536	2.46870111066634e-05	0.000585976620152078	Cnpy1	Down
10.07162234757	-4.5358773584672	1.61633397147545	-2.80627484079091	0.00501179246704775	0.0439888194133484	ENSMUSG00000105926	Down
30.0043832329099	-1.20773595779765	0.432083128697802	-2.7951472241869	0.00518760848455519	0.045168873875622	Kcnk3	Down
229.419150829023	-2.22713019537228	0.221390317093951	-10.0597452707345	8.32133745274468e-24	4.00843720003095e-21	4930548H24Rik	Down
21.6964068923459	-1.37761944685952	0.465053247987792	-2.96228324997244	0.00305366724216221	0.0303660972022664	Slc5a1	Down
752.553405512111	-1.24637266458654	0.193022451220541	-6.45713831062311	1.06701373003205e-10	1.02797358061559e-08	Lrpap1	Down
28.763950813546	-1.89574744303635	0.674089551861395	-2.8123080053704	0.00491873782140569	0.0433813075061833	Stk32b	Down
97.6849942070814	-1.69625588659596	0.303024967652511	-5.59774298380955	2.17160369443715e-08	1.28399008330295e-06	Clnk	Down
149.028899083556	1.28920836125807	0.422899886362019	3.04849540714811	0.00229990428447094	0.024301827336171	Hs3st1	Up
517.586582937988	1.28306674299771	0.152385731497481	8.41986142921074	3.76929869961527e-17	9.21396628392521e-15	Cpeb2	Up
13.1915150600229	-3.04663482468124	1.04048927662723	-2.92807902312745	0.00341063348849336	0.0330528729435174	Ldb2	Down
44.6065578906779	-2.5684297440281	0.501328220512505	-5.12324987690181	3.00313938816853e-07	1.30465296815449e-05	Kctd8	Down
81.112955499704	-1.56118397393122	0.384411747906327	-4.06122857179599	4.88151493287432e-05	0.0010437265218096	Corin	Down
4217.52025522128	-1.23368802047397	0.204606486636383	-6.02956455953628	1.644020331788e-09	1.24656319416777e-07	Kit	Down
44.7572976287114	-1.27984650953483	0.314716491552291	-4.06666489964405	4.76907428726103e-05	0.00102773550890475	Prkg2	Down
4211.16178367715	-1.05633187554298	0.115832427798108	-9.11948316739188	7.54834355841517e-20	2.28938464443933e-17	Fbrsl1	Down
230.784063519695	-1.03524856058237	0.319879584028141	-3.2363695974148	0.0012106052518185	0.0145869558467098	Nos1	Down
23.1693956262935	1.14309203338924	0.393215728492236	2.90703537666806	0.00364871931053857	0.0348655127719687	Cldn3	Up
81.5028257641763	-1.48826257975332	0.462746325309185	-3.21615212991467	0.00129921940057557	0.015408121174965	Zan	Down
19.4728213524908	-2.07650815016134	0.397778227475702	-5.22026598423661	1.78666339834518e-07	8.28951080399359e-06	Cyp3a13	Down
353.150452173177	-1.67208909473773	0.174608187060402	-9.57623535807804	1.00646786843481e-21	3.63032253702356e-19	Adap1	Down
274.008922004467	1.43042138775068	0.307288951680773	4.65497174541006	3.24025138318963e-06	0.000103448025641091	Cdx2	Up
30.565163429077	-1.33452857672384	0.378111757389489	-3.52945538096335	0.000416415916472166	0.00619282234888812	Calcr	Down
21719.9358386521	1.45000719031928	0.137182226651565	10.5699347919335	4.10780154236518e-26	2.58759898695603e-23	Peg10	Up
3191.43594618785	-1.19026396042691	0.155522716810904	-7.65331255030811	1.95867073104338e-14	3.34157387844047e-12	Asns	Down
14.5950682817881	-2.50083982216868	0.825873287665737	-3.02811564378974	0.00246083896152554	0.0255361881899791	Nxph1	Down
519.530618010401	-1.33508627043907	0.315097288891777	-4.23706048101738	2.26465148802402e-05	0.000547056962697013	Dgki	Down
333.42019243082	-1.08249508509765	0.266126323530118	-4.06759869049609	4.75000934118733e-05	0.00102497566521694	Rab19	Down
6299.76168306633	-1.11266161571017	0.099508325311058	-11.1815932207888	5.01809134111977e-29	3.57331739064607e-26	Mkrn1	Down
61.8741525915574	-2.18606502934171	0.577351971629371	-3.78636453457033	0.000152867370853369	0.00267485235025264	Tmem178b	Down
85.9005117380123	1.09379153849035	0.282695794882717	3.86914682952441	0.000109216858484439	0.0020204879985451	Epha1	Up
37.8963717024923	-4.35351333843115	1.33281543266593	-3.2664037583382	0.00108922825236201	0.0134332683111333	Evx1	Down
42.1736934883203	-1.39927845299831	0.370399912158594	-3.77775049903139	0.000158251300043163	0.00275727637458183	Cpvl	Down
6.10681830784632	-3.04328664408517	1.04349642382375	-2.91643227001533	0.00354059585828188	0.0341105170393769	Itprid1	Down
517.816308594864	1.28601284710732	0.259078700869532	4.96379224842157	6.91298897846132e-07	2.63918259881677e-05	Fam13a	Up
26.492027056388	-2.73473516957182	0.753624537854506	-3.62877670803732	0.000284767412373711	0.00456799283041787	Tafa1	Down
40.4892375878193	-2.24543485062326	0.525266376702697	-4.27484977187906	1.91266217393031e-05	0.000471061369693692	Tafa4	Down
52.0847647931358	-1.86519659884195	0.525842637373245	-3.54706230776418	0.000389552448920591	0.00589657117229339	Cntn4	Down
78.7966891461332	-1.68714296590449	0.459208701375272	-3.67402220570235	0.000238761969163106	0.00391828009113563	Grm7	Down
755.193194499874	-1.41078109503291	0.265190797387934	-5.3198719900116	1.03840289172817e-07	5.13805515429728e-06	Srgap3	Down
36.3862681468503	-3.40474067337197	0.477463566710949	-7.13089104751141	9.97212339869061e-13	1.30658749619004e-10	Slc6a1	Down
39.025139774546	-1.32865967073632	0.291928766068721	-4.55131465332727	5.33117496625694e-06	0.00015345164076864	Rassf4	Down
38.9719342363986	-1.06722946719763	0.3056929704943	-3.491180924023	0.000480890485551931	0.00696377044418172	Rasgef1a	Down
67.5495520866908	-2.29828600507464	0.447244305532056	-5.13877086113042	2.76541363021608e-07	1.2241066063697e-05	Cacna1c	Down
62.4894969606043	-1.42046185740191	0.319355529180637	-4.44790124989025	8.67133753388553e-06	0.000235912236096308	Cacna2d4	Down
17.6086518391061	-3.87195035111477	0.918326504095361	-4.21631122901	2.48330977172172e-05	0.000588591135184635	Slc6a12	Down
22.743990842879	-2.56172240263985	0.737880772476699	-3.47172944219894	0.000517117220815507	0.0073774789568958	Iqsec3	Down
1463.35103847825	-1.14543320426859	0.135613201858126	-8.44632519971692	3.00615557912924e-17	7.57458708845825e-15	Phc1	Down
497.304209219393	-1.40140761844808	0.342673033125847	-4.08963496679184	4.32052605172843e-05	0.000946010369989416	Gdf3	Down
226.833634528998	1.93350172807496	0.422701387237755	4.57415515172517	4.78145430352351e-06	0.000141452104009296	Ccnd2	Up
22.8810876809524	-1.5783840688005	0.423594035382133	-3.72617160998644	0.000194410068969078	0.00327914326423848	Clec2g	Down
1305.40744695528	-1.0596112524428	0.305490894021737	-3.46855265796368	0.000523269967232809	0.00745227436812082	Gprc5a	Down
146.720671279297	-1.95331555757615	0.37126249913512	-5.26127891216195	1.43056833470378e-07	6.73271499591335e-06	Gsg1	Down
6.60121510313617	-2.65716985080951	0.93238058865718	-2.84987684550188	0.00437361603120436	0.0400173650050643	Tarm1	Down
28.8457319037351	-1.52274472838129	0.482497316486047	-3.15596517607851	0.00159967958252419	0.0182321170512047	Lair1	Down
87.6161557764919	1.58787911164335	0.348447270836024	4.55701405791923	5.18859526563705e-06	0.000150671654717382	Tnnt1	Up
211.018344512788	-1.09234014702409	0.266208251772938	-4.10332940376244	4.0724677103823e-05	0.000897696852767716	Shisa7	Down
36.6577294781237	-2.12228625601056	0.745531579251038	-2.84667519804139	0.00441784121185429	0.0403094169179663	Cyp2b23	Down
42.4061654744726	-1.37526399705138	0.46945063151242	-2.92951783368725	0.00339488331729438	0.0329978628905919	Kirrel2	Down
441.088126279133	1.08773518918979	0.241435798013599	4.50527717156726	6.62863642572026e-06	0.000185579157915293	Kctd15	Up
22.4806699818745	1.44901494799662	0.438005280158365	3.30821342489915	0.000938932250844268	0.0119115665409198	Cebpa	Up
860.972298900196	-1.03008802546268	0.158209146112172	-6.51092589003889	7.46889885963346e-11	7.6453515951923e-09	Rhpn2	Down
82.4903840869341	-1.28066870780675	0.289096619211435	-4.42989859687744	9.42774078601914e-06	0.000253127112448232	Tdrd12	Down
61.4281326331826	-1.85028742419466	0.469947118733779	-3.93722474388195	8.24293993384098e-05	0.00160335950399581	Zfp536	Down
18.6226438668244	1.53643682403823	0.480016400160299	3.20080068832052	0.0013704629399265	0.0160668876378784	Vstm2b	Up
191.043679247933	-1.09683010073574	0.222923395810546	-4.92021080491655	8.64510495528724e-07	3.23263764743595e-05	Zfp819	Down
60.7961656287934	1.58661975285312	0.340684591803412	4.65715148564354	3.20614535576263e-06	0.000102559079368516	Kcnc1	Up
1723.60948377649	-1.1887570388888	0.320180994426002	-3.71276577805599	0.000205006594616882	0.00342962002720664	Nav2	Down
26.1257370981506	-2.56589383525956	0.631606198657732	-4.06248995135341	4.85520383511426e-05	0.00104072965122877	Slc6a5	Down
132.286017031411	-2.24515242372916	0.635517323712328	-3.532795000165	0.000411191184552402	0.00614460695310149	Nell1	Down
9.16595467886762	-1.97719353046026	0.715200650725979	-2.76452982593523	0.00570048954963704	0.0487533252448853	Snrpn	Down
3567.8979633848	-1.63846576734147	0.189805122846017	-8.63235798261729	6.00999411161415e-18	1.53799505562526e-15	Pcsk6	Down
33.9499237000992	-1.60968596306877	0.390363601876169	-4.12355546298959	3.73068575664192e-05	0.000837002346880567	ENSMUSG00000108793	Down
176.321602798983	-2.87652901334509	0.721013235722621	-3.98956478304055	6.61946389500015e-05	0.00135686582818914	Ntrk3	Down
91.459932421785	1.07529730562925	0.364804061361482	2.94760234196995	0.0032024872788684	0.031482795110028	Rhcg	Up
114.954099088195	-2.49833571135147	0.241748955090628	-10.3344219643674	4.92371559711315e-25	2.78071082929376e-22	Slc28a1	Down
27.3668625949863	-2.06625867333422	0.636481425387017	-3.24637702047286	0.00116883935025633	0.0141801238279474	Grm5	Down
82.55163350962	-1.17653034783905	0.268989263927373	-4.37389333187929	1.22050032659692e-05	0.000317291338873086	Rab38	Down
15.1583670299612	-2.45587415325295	0.863477031577138	-2.84416847633724	0.00445274966024114	0.0405601412321631	Me3	Down
7.45929183319871	-3.64104360840634	1.31169983631015	-2.77582073856828	0.00550625585614282	0.0474389576075261	Sytl2	Down
83.1730151818996	-2.10968354489808	0.72714331815536	-2.90133112994835	0.00371580996503621	0.0353411937324989	Dlg2	Down
199.639698061118	1.02451819465941	0.220294555521878	4.6506741495827	3.30851726869701e-06	0.000105013364005271	Gab2	Up
276.578352244295	1.31315016385901	0.355559652183291	3.69319228375802	0.000221456443805573	0.00367106643385393	Serpinh1	Up
785.592220739467	1.03708564181119	0.131362026542569	7.89486634080748	2.90626522781253e-15	5.66652522632305e-13	Arrb1	Up
29.3464025329524	1.12987909415424	0.38133862630479	2.96292852655101	0.00304727317223749	0.0303209234598454	Art5	Up
16.7311952055448	-1.67791825849674	0.426639563750986	-3.93287074397086	8.39373777241431e-05	0.00162882271607348	Nlrp14	Down
8.91960881605744	-3.8270687860756	0.866801336561513	-4.41516253454001	1.00934124318793e-05	0.000267925297908134	Gpr139	Down
51.7152263122211	-1.79013006402984	0.458187405880367	-3.90698225454333	9.34560142899514e-05	0.00178602403972092	Abca14	Down
43.1804145289033	-2.09968144350406	0.690142002267217	-3.04239045965366	0.00234707224940654	0.0246728814510785	Hs3st4	Down
993.810032622714	-1.39250882171518	0.188997211111	-7.36788026410269	1.73362381759609e-13	2.53511525755257e-11	Nfatc2ip	Down
24.4237169561661	-2.79636617453635	0.705081839895065	-3.96601644846295	7.30838211539663e-05	0.00146456776171422	Adam12	Down
47.7355381729723	-1.63103365876387	0.45819327323896	-3.55970668716746	0.000371269232859542	0.00566695945552058	Tcerg1l	Down
129.651639197707	-1.10366679033038	0.202780944100677	-5.44265535021097	5.24921472270287e-08	2.80953067739959e-06	Kndc1	Down
231.566835562133	-2.59804020271912	0.218894577459778	-11.8689107462999	1.71688416905437e-32	1.65406640710427e-29	Utf1	Down
497.812301114255	-1.06729829602457	0.155448150536508	-6.86594399702367	6.60529847735773e-12	7.83924481609891e-10	B4galnt4	Down
200.503850034194	1.58338723345111	0.465701849372802	3.40000203044841	0.000673853527456132	0.00909841143666655	Tnnt3	Up
124.831007442284	2.13317446237225	0.438851010882643	4.86081701870045	1.16902272246692e-06	4.19873994486036e-05	ENSMUSG00000115302	Up
24.789987675289	-1.37186726852242	0.453875026622822	-3.02256609871259	0.00250641338410168	0.0259154282858695	Fgf15	Down
42.8764810440756	-2.00402259932289	0.678813915175246	-2.95224148256524	0.00315476108803337	0.0311048125802316	Nalf1	Down
15.1697566631812	-1.43247205100856	0.467839989375005	-3.06188458349236	0.00219948242883456	0.0234831311730459	1700016D06Rik	Down
795.539277231444	-1.01837752218309	0.16348590833977	-6.22914557300324	4.68985862116835e-10	4.08566513284549e-08	Kbtbd11	Down
134.955998206685	-1.47329011491601	0.327339054992881	-4.50080762574467	6.7695753487982e-06	0.000188879224978904	Ank1	Down
67.6857875615755	-2.37204556356726	0.374372897018699	-6.3360504525219	2.35729625564937e-10	2.16897741994524e-08	Nkx6-3	Down
742.218273969795	-1.57775311324109	0.26076765271101	-6.05041728465301	1.44471126516489e-09	1.10567668695657e-07	Sfrp1	Down
320.983991326058	-1.24620738352393	0.309059513520746	-4.0322569893655	5.52437279666414e-05	0.00116063328092597	Zmat4	Down
328.73349656148	1.16443127949535	0.191724803542754	6.07345141566772	1.25189887523755e-09	9.71734586665428e-08	Tcim	Up
473.583559207134	1.9698034271553	0.403141231327276	4.88613734861614	1.02833473872164e-06	3.7426814112851e-05	Zfp703	Up
54.6834341192661	-1.65816002835263	0.542385827929489	-3.05715957712707	0.00223445286179363	0.0237892182252437	Unc5d	Down
779.365396446207	-2.56860978222091	0.15200357873916	-16.8983507067862	4.62667491601449e-64	1.0825097396355e-60	Vegfc	Down
36.2124560070675	-1.56742911257376	0.44133303028889	-3.55157897777953	0.000382927052070749	0.00582319336937301	Tll1	Down
714.257033009342	-1.37917162192574	0.191083125906533	-7.21765260738067	5.28926243300263e-13	7.46789139032043e-11	Klf2	Down
16.1083898535428	-2.63194312532582	0.717526430128307	-3.66807829623109	0.000244380354956881	0.0039984629904933	Nwd1	Down
15.1110762116397	-3.28743557151678	0.86359152580299	-3.80670198038365	0.000140832281447932	0.00250712076690677	Ttc29	Down
174.39990559692	-3.54373647887833	0.621338640471592	-5.70338982328325	1.17447963387957e-08	7.39831824756905e-07	Pou4f2	Down
35.5260038386751	-2.18088070327617	0.648875515774527	-3.36101555731067	0.000776564513473369	0.0101748588813335	Cntnap4	Down
2436.4380215656	-1.03376914980227	0.226688525335132	-4.56030647459534	5.10790174557254e-06	0.000148591855753086	Cdyl2	Down
31.4640036878461	-1.81091239128998	0.423990789190031	-4.27111257475534	1.94500188759589e-05	0.000477589818816275	Pkd1l2	Down
1166.36468950641	-2.630394137302	0.286322837028392	-9.18681221729151	4.04655334250366e-20	1.2504613328967e-17	Cdh13	Down
189.165426275477	-1.13301360908106	0.312567368554617	-3.62486210355347	0.000289115675499658	0.00463320600130469	Cntn5	Down
9.69517661425263	-3.43608739016208	0.779789793847615	-4.40642775434114	1.0508933679473e-05	0.000278053821974812	Gpr83	Down
168.835246299733	-1.15683980720825	0.203530112309369	-5.68387544271503	1.31676194860098e-08	8.13808573365541e-07	Vstm5	Down
7.92200790109356	-3.55990136660737	1.28784319993002	-2.76423509228516	0.00570564150100179	0.0487566531615475	Muc16	Down
152.271916869287	1.23885904052562	0.294708092971344	4.20368177892584	2.62608068914765e-05	0.000612677343687466	Ets1	Up
68.9980172929908	-1.26482828233326	0.300361646389512	-4.21101794299336	2.54222551124066e-05	0.00059822657217097	Fez1	Down
434.239339576741	-1.35456752463416	0.240291074724831	-5.63719449915209	1.72842859099231e-08	1.04458315362627e-06	Robo4	Down
20.7211201445232	1.52452274281453	0.376558352548518	4.04856971700847	5.15315845706909e-05	0.00109750883237812	AW551984	Up
11.4764873618069	-2.07480845656383	0.685980783540283	-3.02458684900171	0.00248972977347854	0.0257591877637597	Olfr984	Down
200.908763214932	-2.72356682559654	0.391693960746808	-6.95330308489759	3.56830912513471e-12	4.42740657965578e-10	Olfr986	Down
191.003671439543	1.02400450970012	0.348605761042297	2.93742853428025	0.00330946439536708	0.0323017925311812	Fxyd2	Up
1918.17689716736	-1.3973095897059	0.222830714439359	-6.27072256722565	3.59376448735442e-10	3.19884102032014e-08	Ncam1	Down
10.176041228425	-2.16305221104863	0.530853652740692	-4.07466766006266	4.60801054281095e-05	0.00100237495224279	Tnfaip8l3	Down
70.6422712856155	-1.1948587157065	0.288265504098527	-4.14499375998212	3.39822963955457e-05	0.000768732113765536	Lingo1	Down
163.383081666555	-1.09422663826556	0.235691928970079	-4.64261395393168	3.44028783850038e-06	0.00010856461313865	Rpp25	Down
38.3606503573184	-1.01082788453002	0.34954168583962	-2.89186647967881	0.00382960660850553	0.0361297793975251	Cyp11a1	Down
22.021425868571	-1.21736008542004	0.409330651712268	-2.97402620675415	0.0029391997133578	0.0294833104192273	Aldh1a2	Down
88.5439722022915	-4.15251549523237	0.357159438981408	-11.626503577996	3.02224764913126e-31	2.35706533321294e-28	Hcrtr2	Down
124.474618378708	-1.1762514640635	0.219673246951877	-5.35455036234422	8.57694300787971e-08	4.33559174639055e-06	Ooep	Down
118.467399632617	1.54785685373983	0.401791819199609	3.85238518998034	0.000116972825818272	0.00213338634883258	Tbx18	Up
81.2447556584708	-1.44814035043362	0.306724575981114	-4.72130524853277	2.34335943091933e-06	7.86465999172065e-05	Trim43b	Down
533.75992761745	-1.25717609799551	0.211752056968768	-5.93701953120074	2.90250101624096e-09	2.07585858707399e-07	Pcolce2	Down
58.2049257391612	1.00910574416352	0.306245839802423	3.2950839260855	0.000983922895320804	0.0123389656811364	Slc35g2	Up
34.3880552952985	-1.3496131679771	0.416253981442374	-3.24228290453948	0.00118576250743126	0.0143218424385761	Ky	Down
205.068114839811	-4.14788509790587	1.18545412664741	-3.49898406413797	0.000467034493310976	0.00678712593739766	Col6a5	Down
3018.61279471557	-1.0844439644933	0.180508656725069	-6.00771167526336	1.88160065596543e-09	1.39442785264262e-07	Tdgf1	Down
7.16440516270503	-2.59213861575914	0.837595964015338	-3.09473627753974	0.00196987964613138	0.0214941298096867	Dclk3	Down
6.94041491239206	-3.63372516207344	1.23156070051143	-2.95050431583637	0.00317255612097503	0.0312448130783698	Arpp21	Down
26.1981984895699	-3.79893946817206	0.761847320012841	-4.98648399538642	6.14879974207123e-07	2.39773909942006e-05	ENSMUSG00000103968	Down
491.904121699088	1.04391688845087	0.258034819457055	4.04564349356971	5.21795915182944e-05	0.00110699138586351	Eomes	Up
1454.18747481799	-1.83948044457046	0.234859181254183	-7.83226968069704	4.79140401581382e-15	9.12483895011614e-13	Itga9	Down
3.93219478116971	-5.02496292206993	1.7851954466378	-2.8147970753196	0.0048808042735078	0.0430931603188737	Scn11a	Down
339.628779561169	-1.23318948676016	0.273542727871009	-4.50821521141544	6.53752454824189e-06	0.000183622552808088	Dcaf12l1	Down
2665.37146026097	-1.54039296746931	0.236570389988686	-6.51135151589759	7.44776266844172e-11	7.6453515951923e-09	Zic3	Down
48.8110234374823	-1.7216203047368	0.342471306359772	-5.02704977837826	4.98083095546121e-07	1.99452443492772e-05	Fgf13	Down
345.057115222243	-1.36265314721171	0.281134276693723	-4.84698331074096	1.25352968299759e-06	4.48260025068441e-05	Mcf2	Down
213.024436616481	1.04738596519086	0.161711052469025	6.47689783227082	9.36275418862086e-11	9.22421340754783e-09	Dusp9	Up
3.27673709217161	-5.1969008577505	1.84468829148935	-2.81722439597352	0.00484406686896318	0.0430006109376037	Cldn34d	Down
1193.54133373231	-1.08837042441002	0.245336315800653	-4.43623856035389	9.1544394613654e-06	0.00024659771299053	Dmd	Down
394.6003797954	-1.93174531199682	0.238986913599734	-8.08305895456768	6.31620699202255e-16	1.29308547644182e-13	Nr0b1	Down
235.544095445183	-3.54177294746583	0.197835887246978	-17.9025807539372	1.1258185997706e-71	3.68773140540858e-68	Slc7a3	Down
687.358795373198	-1.04189040722438	0.179670583866059	-5.79889253324347	6.67542922327954e-09	4.46245631913765e-07	Nexmif	Down
4.22103729933394	-4.23332079111921	1.38487010740269	-3.05683599385272	0.00223686628812281	0.0237892182252437	Ube2dnl1	Down
32.0038714666934	-1.0960407463315	0.328892918566363	-3.332515492	0.000860646786845372	0.0111077013987025	Cldn34c1	Down
75.0946872535165	-1.09428125877245	0.349277600657345	-3.13298435603372	0.00173038664652246	0.0194377726315122	Pcdh19	Down
24.3910447560991	-2.52808753385098	0.791008198374085	-3.19603202475961	0.00139331646022124	0.0162649586496817	Ripply1	Down
1727.08821573255	1.17163730146897	0.100023251031601	11.7136494703497	1.08506502917845e-31	9.35326055151822e-29	Acsl4	Up
59.9539750398456	1.06455298041321	0.386101307223771	2.75718564142605	0.00583012416902105	0.0495258162034371	Ptchd1	Up
46.1726162653542	-1.33005886503852	0.291181075443474	-4.56780669215131	4.92854237232848e-06	0.000144658901387089	Klhl34	Down
9.38253107647315	-2.17986197410833	0.684315268187614	-3.18546447148786	0.00144521848216508	0.0167395956866335	Adgrg2	Down
35.3310755587901	-1.66464245475823	0.40699756935602	-4.09005502758197	4.31270857105854e-05	0.000945562797547481	Egfl6	Down
41.0195643683392	-1.56189397440373	0.534510297346802	-2.92210268381478	0.00347676895400259	0.0335548155148229	Frmpd4	Down
