genes.baseMean	genes.log2FoldChange	genes.lfcSE	genes.stat	genes.pvalue	genes.padj	genes.gene_name	DE
11.8260816558966	1.74110234170224	0.482037169616724	3.61196698397059	0.000303883262591347	0.00480405412617865	Myl1	up
33.3032668730798	1.27611585146271	0.34335559497975	3.71660130232616	0.000201920701859781	0.00338491018941607	Igfbp5	up
1635.39620143985	1.16832877672969	0.177282647207061	6.59020380807553	4.39223214397893e-11	4.76397205656205e-09	Pam	up
537.162556835988	1.26391229772738	0.25950401976973	4.87049217522298	1.1132060993254e-06	4.00705263620911e-05	Tmem163	up
1932.94937200034	1.00140006613391	0.134652826576079	7.43690341745718	1.03072852418836e-13	1.56308071936638e-11	Atp2b4	up
620.216743689896	1.0977898775673	0.0911499094921829	12.0437846146348	2.09136087249659e-33	2.14076927310932e-30	Kcnh1	up
52.5906750027815	1.45171866476443	0.274799639843426	5.28282593671368	1.27206241856598e-07	6.09176558224376e-06	Sertad4	up
35.9506867056785	1.24591561253851	0.275212194403387	4.52710903758986	5.97960902823287e-06	0.000169436049592384	Hebp2	up
26.6325565436287	1.24481991387163	0.451915033468321	2.75454415472303	0.00587739588184894	0.0498938703080896	Taar2	up
213.920773944471	1.05922336169602	0.218485553080512	4.84802471724845	1.24696867106118e-06	4.4591381866026e-05	Cd24a	up
1311.57520459451	1.16122294705476	0.260629716045046	4.45545106934032	8.37169888947184e-06	0.000228519474019616	Unc5b	up
1457.62115446896	1.61577060097884	0.32779746555833	4.92917356217728	8.25781893737427e-07	3.10911628865094e-05	Kitl	up
77.2404588137413	1.11356042767815	0.241203280530987	4.61668856753006	3.89911731517494e-06	0.000119646017115483	Slc22a4	up
16.5722672618628	1.6486513555292	0.521503327463286	3.16134388547169	0.00157042974611267	0.0179950163763653	Trim58	up
37.692181427748	1.18187688103794	0.272405888303857	4.33866128370768	1.4335326288569e-05	0.00036288094892455	Rasd1	up
181.317293341795	1.25393258218179	0.300239772318287	4.17643729376563	2.96110321068069e-05	0.000678278998385012	Rflnb	up
196.391308546835	1.47514660890754	0.242336561926526	6.08718138600477	1.14915756352471e-09	9.04851085356143e-08	Mmp28	up
58.3464431577703	1.00464046065592	0.319301311153877	3.14637123482329	0.00165310034195449	0.0187107653078995	Cd300a	up
264.908909515325	1.85985889333498	0.470611908731209	3.95200133874479	7.75003069896907e-05	0.00152560099504466	Sox11	up
192.096739503406	1.47488453616524	0.240743751725629	6.12636683441795	8.99083869898809e-10	7.34973653814967e-08	Dact1	up
82.9386298780449	1.24982740504535	0.251971278833446	4.96019788775802	7.04214041221223e-07	2.68223664351655e-05	Hspa2	up
749.111758973064	1.2492983399143	0.131039875749381	9.53372652995814	1.51736373315704e-21	5.17737150450957e-19	Flvcr2	up
398.261300912486	1.126109955293	0.212326302466577	5.30367619183811	1.13493556727998e-07	5.51571950175415e-06	Bcl11b	up
101.126084996107	1.70178911131174	0.418374791507215	4.06761866598358	4.74960229778086e-05	0.00103031770110006	Rbm24	up
253.192233023179	1.33189769336648	0.264686857430084	5.03197516604426	4.85452161411711e-07	1.95349766574963e-05	Ninj1	up
231.202151027277	1.70385204538487	0.365943439070202	4.65605299473072	3.22328999208933e-06	0.000103281310367909	Gadd45g	up
52.9811607453491	1.14636641912708	0.359908698457017	3.18515896959902	0.00144674510693496	0.0167691375522864	Diras2	up
30.9349874432118	1.11948331552727	0.317729699085826	3.52338267007538	0.000426075698038952	0.00629807561595844	Serf1	up
635.072667911274	1.36000466594068	0.41280388534763	3.29455393762924	0.000985780240400431	0.0123433553343106	Itga1	up
70.301807027388	1.46110373412375	0.204853133908448	7.1324451144435	9.86014002769668e-13	1.31292173474485e-10	Vstm4	up
13.3610082267285	2.60935703792345	0.675788643392936	3.86120285304387	0.000112830175779077	0.00206935343662904	Selenop	up
24.8224820441671	1.43438417502998	0.509887210442216	2.8131401330619	0.00490602658439314	0.0434094561854083	Tmem74	up
135.511422885454	1.20744150873276	0.37011429577907	3.26234766531016	0.00110493540755841	0.0135758680457552	Cdc42ep1	up
751.700705050206	1.14688421234405	0.235423305061187	4.87158317672067	1.10707537813898e-06	3.9954787048419e-05	Pdgfb	up
473.873257399979	1.09540228993668	0.3493218066182	3.13579704783197	0.0017138776370731	0.019305287441529	Fignl2	up
632.26925414104	1.22863805507134	0.14583815771134	8.42466796312116	3.61774690202418e-17	8.97749375171999e-15	Lix1	up
41.6037905067041	1.42340929045607	0.408410475883024	3.48524186941707	0.000491692373495634	0.00707639516090641	Cldn6	up
1330.80445898371	1.47136724670385	0.229616944752246	6.40792101946761	1.47517287348532e-10	1.38852766218061e-08	Cdkn1a	up
241.257677004516	1.09532531496929	0.133512833837278	8.20389533716473	2.3272072854489e-16	5.15067580014622e-14	Nfkbie	up
166.797122844527	1.28317018934918	0.400658455303788	3.20265346297574	0.00136167727466993	0.0159867744835442	Gata6	up
564.728612589912	1.06363983630264	0.204726522442951	5.19541788533546	2.04260482950659e-07	9.39668549909388e-06	Nrep	up
8205.80717408241	1.21311962444863	0.321956196807893	3.76796482402382	0.000164583887071905	0.00284942378695948	Hbegf	up
505.121737541463	1.01054469971343	0.273362639334357	3.69671840370769	0.000218404370636865	0.00363149927136099	Pcdh1	up
545.565898947758	1.18612628275797	0.305039913278817	3.88842977959349	0.00010089485153601	0.00189815397714762	Synpo	up
232.397017886335	1.4651738550295	0.369917956920868	3.96080759967793	7.46967020992837e-05	0.00148288798422069	Cidea	up
99.6392039176671	1.19415623902392	0.300763459632718	3.9704166206965	7.17470618239835e-05	0.00144713470265173	Rab3il1	up
1601.45367006538	1.41577183780111	0.159610530828697	8.87016558650882	7.30372166101031e-19	2.06241988558667e-16	Dmrt1	up
66.8076612414827	1.38010853025958	0.280395617565128	4.92200463846059	8.56621832347227e-07	3.21046964992743e-05	Dmrt3	up
281.162380122647	1.10864100541349	0.257553809691874	4.30450245228294	1.67361438652413e-05	0.000417842323513601	Gfra1	up
25.2200629876972	1.23519077676528	0.373300848249054	3.30883463715358	0.000936851526670774	0.0118851698712734	C1ql3	up
129.205314934223	1.60904747802628	0.31248000132887	5.14928146180093	2.61486242605593e-07	1.1606020816787e-05	Aif1l	up
217.975677605283	1.04870734226301	0.347606699780836	3.01693650589651	0.00255343290243047	0.0263019648276768	Frzb	up
77.4894095248797	1.02940632303817	0.361345757139191	2.84881253674619	0.00438827287252286	0.0401514710090388	Syt13	up
36.1688124427025	2.00227691962522	0.569355750910938	3.51674136323675	0.000436879253796811	0.00640997418915198	Alx4	up
542.588572199314	1.09680388008073	0.314366697639515	3.48893151951621	0.000484955371093116	0.00701249554485656	Ebf4	up
172.284731807132	1.11357443559444	0.247006651925286	4.50827711284175	6.53561786459606e-06	0.000183602657609527	Bmp2	up
3125.2302205157	1.11026556564526	0.0953236562181751	11.647324595944	2.36776077896711e-31	1.93895930189617e-28	Nol4l	up
470.069614536035	1.2811628398566	0.275878202879513	4.64394369139825	3.41820759748791e-06	0.000107953463626991	Myh7b	up
67.8273446220635	1.17535743950024	0.276895181779663	4.24477389583299	2.18813946314346e-05	0.000531304280323571	Procr	up
141.897915750865	1.20122697556099	0.289365049544117	4.15125108389378	3.30662761786257e-05	0.000754281123129022	ENSMUSG00000106062	up
543.468871666344	1.25117629730794	0.204275207130272	6.12495424620976	9.07096688814588e-10	7.354668103666e-08	F3	up
316.086943616362	1.29765429918296	0.313036303412784	4.14537957749846	3.39251256532371e-05	0.000769564692449747	Gem	up
792.585243010027	1.44251058874442	0.365632051683743	3.94525201524764	7.97160938497615e-05	0.00156171074769305	Ptgr1	up
83.3480396653756	2.13417889750457	0.31141465994524	6.85317415011821	7.22290650288911e-12	8.51055846793653e-10	Rasef	up
458.330465729492	1.15166772326981	0.302004838597385	3.81340818451307	0.000137063459483806	0.00245336102669484	Jun	up
81.8544087711161	1.07785499953694	0.260638502030191	4.13544043240429	3.54274506068664e-05	0.000795927004169078	A3galt2	up
542.147572895159	1.40733094077	0.256228709604187	5.49247952325093	3.96329516255878e-08	2.20785197865264e-06	Tinagl1	up
59.7287394719554	1.08555315559445	0.238643269169206	4.54885301971268	5.39390986684189e-06	0.000155530732040733	Crybg2	up
846.392556854187	1.19024359507828	0.132828537839251	8.96075206759188	3.22471387710225e-19	9.43113640699654e-17	Slc30a2	up
1034.14732412109	1.06112773008731	0.196944634833237	5.38794941525477	7.12661024796342e-08	3.70538484575063e-06	Iffo2	up
149.028899083556	1.28920740588334	0.42318496079629	3.04643956027524	0.00231569029629371	0.0244056471510286	Hs3st1	up
517.586582937988	1.28306656628112	0.15241157324151	8.41843266224924	3.81554375238215e-17	9.32701128007685e-15	Cpeb2	up
23.1693956262935	1.14307381128197	0.393824323184535	2.90249673265193	0.00370201021595499	0.0353124771793307	Cldn3	up
274.008922004467	1.43041941260785	0.307400453619725	4.65327684381813	3.26701142733045e-06	0.000104302364828105	Cdx2	up
21719.9358386521	1.45000724166318	0.137001187177023	10.5839027496133	3.5390277342642e-26	2.22931523968381e-23	Peg10	up
85.9005117380123	1.09379058172527	0.283011903796623	3.86482182216365	0.000111170323556919	0.00204464177281419	Epha1	up
517.816308594864	1.28601283663758	0.259110876025978	4.96317582789791	6.93497467080818e-07	2.65376203641347e-05	Fam13a	up
226.833634528998	1.93350062498362	0.422897972128009	4.57202623898693	4.83030433924323e-06	0.000142285475662096	Ccnd2	up
87.6161557764919	1.58787794578336	0.348843195194741	4.55183867037144	5.31791083746253e-06	0.000153881172607705	Tnnt1	up
441.088126279133	1.0877351436587	0.241487273029779	4.50431664580753	6.65868598139516e-06	0.000186102319118242	Kctd15	up
22.4806699818745	1.44901604596794	0.438665390420826	3.30323767867316	0.000955753430906656	0.0120781864902694	Cebpa	up
18.6226438668244	1.53642271342335	0.480918133084855	3.19476976999797	0.00139942428503442	0.0163438944438317	Vstm2b	up
60.7961656287934	1.58661234175059	0.341181953344289	4.65034075278163	3.31387043180063e-06	0.000105298326983755	Kcnc1	up
91.459932421785	1.07529955434092	0.365174673622018	2.94461700663813	0.00323354656242654	0.0317500153473753	Rhcg	up
199.639698061118	1.0245151757783	0.220616916666273	4.64386499122405	3.41951061864457e-06	0.000107953463626991	Gab2	up
276.578352244295	1.3131500736311	0.355702953072845	3.69170416575705	0.000222756477757298	0.00369270163526011	Serpinh1	up
785.592220739467	1.03708567886446	0.131349817052704	7.89560048224755	2.88920794022138e-15	5.63326757677925e-13	Arrb1	up
29.3464025329524	1.12988989142592	0.381943385769668	2.95826537000774	0.0030937566254982	0.0306716380220397	Art5	up
200.503850034194	1.58338857080554	0.465902295039721	3.39854211422279	0.000677460318996517	0.00912454367148434	Tnnt3	up
124.831007442284	2.13316803757199	0.439148054576864	4.85751448820006	1.1886844221365e-06	4.26935821617358e-05	ENSMUSG00000115302	up
328.73349656148	1.16442919599151	0.1917929369949	6.07128299006378	1.26892350602841e-09	9.84949250319115e-08	Tcim	up
473.583559207134	1.96980316287654	0.403194726877363	4.88548840440484	1.03172778236169e-06	3.76696153026661e-05	Zfp703	up
152.271916869287	1.23885729333065	0.294952920239557	4.20018656646786	2.66695130466412e-05	0.000620445006644729	Ets1	up
20.7211201445232	1.52451471823475	0.377470837089246	4.03876159014187	5.37341456558e-05	0.001138496555693	AW551984	up
191.003671439543	1.02400407676405	0.348838454182292	2.93546787771551	0.00333045091927801	0.0324872693007357	Fxyd2	up
118.467399632617	1.54785685521102	0.402145739342929	3.84899478915302	0.000118603530112494	0.00215712578843923	Tbx18	up
58.2049257391612	1.00909655259294	0.306846600912217	3.28860267505986	0.00100686051941354	0.0125880622801183	Slc35g2	up
491.904121699088	1.04391658659033	0.258067717819852	4.04512658696448	5.22948591026591e-05	0.0011123184446537	Eomes	up
213.024436616481	1.04738683417242	0.161842238109151	6.47165317539683	9.69364211737921e-11	9.39422902949329e-09	Dusp9	up
1727.08821573255	1.17163783727046	0.0999720491129654	11.7196541199885	1.01083856678934e-31	8.71342844572412e-29	Acsl4	up
59.9539750398456	1.06455533145506	0.386600524056074	2.75363137195502	0.00589381107129752	0.0499373190510661	Ptchd1	up
26.0893514663149	-2.21650485087329	0.785386391838044	-2.82218392616403	0.00476978133102909	0.0426249036135478	Rp1	down
17.362066462444	-2.86133267828599	0.923052039828418	-3.09986063062909	0.0019361172122033	0.0212531687007143	St18	down
42.6449558429208	-1.63212232683555	0.536071697337853	-3.04459708457044	0.0023299221736053	0.0245398491056641	Cpa6	down
1391.96569610218	-1.06676009264934	0.243761423823242	-4.37624656074737	1.20740430941424e-05	0.000314385815255745	Prex2	down
1083.11437477539	-1.15010325181223	0.234023596849283	-4.9144755797977	8.90204198517861e-07	3.31358280984671e-05	Prdm14	down
181.073303825094	-1.59300645179875	0.341411086585838	-4.66594822016194	3.07197059928564e-06	9.88462366897842e-05	Gsta3	down
16.5050111591657	-2.01230530763938	0.693393023774164	-2.90211357577025	0.00370654131990209	0.0353351185898466	4931428L18Rik	down
20.3685639955558	-1.70843701731872	0.412688435887567	-4.13977438850302	3.47647554749815e-05	0.000786315389754069	Zap70	down
188.076840853333	-1.03215050135782	0.318135169336038	-3.24437723597791	0.00117707744078213	0.0142379426330352	Vwa3b	down
113.231503597722	-1.50444187954681	0.445941482224833	-3.37363071056106	0.000741838166864062	0.00981407552253603	Lonrf2	down
33.8257630531656	-1.77864485327582	0.432289062365849	-4.11448035150734	3.88052609338452e-05	0.000867056703375876	Rfx8	down
75.7553917654458	-1.0274853081762	0.287549391090251	-3.57324807498448	0.000352580444851766	0.00543302070798106	Tmeff2	down
630.305408327216	-2.41526385264175	0.173211852271437	-13.9439872097022	3.42272183694014e-44	4.6714448537838e-41	1700019D03Rik	down
82.1286922337942	-1.47066440516866	0.280620600465967	-5.24075710310162	1.59919103256994e-07	7.48330020898014e-06	Dnah7a	down
825.389396422198	-1.18001058837982	0.118117035089023	-9.99018124261639	1.68273786420548e-23	7.44861641620471e-21	Pgap1	down
14.8645434288643	-2.56951232360595	0.676762777303951	-3.79676957684083	0.00014659393355289	0.00258719336608753	Flacc1	down
666.75413694184	-1.37388563003425	0.228261699062031	-6.0189056494357	1.7560018023747e-09	1.31925676694004e-07	Fzd5	down
10.3701231846522	-2.41125094662503	0.860253359942089	-2.80295440727758	0.00506368271316645	0.0443966785204712	March4	down
12.1170400379881	-1.44290849803328	0.5178714432168	-2.78622912487806	0.00533251647879819	0.0461362677706058	Prss56	down
35.6976503367985	-1.74153331550122	0.337726263803185	-5.15664164193085	2.51418314752534e-07	1.13436064986694e-05	Efhd1	down
19.1475702206374	-2.00169136763958	0.710568913374246	-2.81702637135397	0.00484705456432796	0.0431029233242757	Trpm8	down
272.961073735927	-1.38491467966417	0.41392734047548	-3.34579174710546	0.000820479932822669	0.010664936777595	Gbx2	down
8.86793021621751	-2.82258471107149	0.80088402400652	-3.52433639136809	0.000424544902490312	0.00628679603344153	Iqca	down
47.9122512879656	-1.24235472571496	0.33108133906064	-3.75241543132522	0.000175138921814863	0.00300673507493063	Rnf152	down
5536.02040778782	-1.39091917206812	0.195155375471205	-7.12723986572099	1.0240155373483e-12	1.35252632828149e-10	Tfcp2l1	down
371.172201783603	-1.20480411424661	0.249956762295568	-4.82005008859074	1.43522182210343e-06	5.04421952841415e-05	Inhbb	down
1260.86170563285	-1.83631218567306	0.121401486856911	-15.1259447739501	1.09221778138009e-51	1.78883428234431e-48	Lemd1	down
9.24561802184685	-5.83907605985178	1.79640052563814	-3.25043105728193	0.00115230203769181	0.0140419663491938	Ptprc	down
12.4929962296369	-3.11788968742341	0.539996841422974	-5.77390356433807	7.74557778276769e-09	5.09466156329997e-07	Cfh	down
924.568581044781	-1.1451402595949	0.116594490937728	-9.82156404119045	9.09217816794511e-23	3.59123382319316e-20	Nmnat2	down
34.2282942317914	-2.62262455484912	0.67216319505463	-3.90176756797279	9.54928293173429e-05	0.00181858320762726	Cacna1e	down
23.1716504574051	-1.51073960591369	0.429471461835517	-3.51767169687352	0.000435350609226634	0.00639576462948734	Fmo1	down
1025.30588575003	-2.4059979496235	0.240339192135487	-10.0108431265225	1.36583509738753e-23	6.39132777857512e-21	Dusp27	down
526.635334902869	-2.72856287310049	0.149279831232443	-18.2781749588921	1.23489602447457e-74	5.05628177221112e-71	Gpa33	down
32.5441343273182	-1.68042959189701	0.457157239388226	-3.67582408657857	0.000237082854608567	0.00389462687339931	Fcgr2b	down
47.1831298521583	-1.33531040716898	0.373735586780062	-3.5728746589893	0.000353083788581167	0.00543496831708868	Fcgr3	down
15.7110495031085	-3.14457598900995	1.00566373222058	-3.12686625584724	0.00176680282197013	0.0197520113434995	Cd244a	down
1841.855025663	-1.11595833988167	0.105094614104939	-10.6186063804123	2.44179223393375e-26	1.59966692829468e-23	Parp1	down
260.446460349617	-4.07113184293702	0.972382087711665	-4.18676145353287	2.82962943288752e-05	0.000655497466079658	Lefty2	down
180.924640741491	-1.60649515955958	0.254268838406583	-6.31809689943505	2.64803966295008e-10	2.42288232401097e-08	Pycr2	down
81.2482100726663	-3.8705036181071	0.751443557430952	-5.15075760492198	2.59436316774549e-07	1.15777874554048e-05	Lefty1	down
57.8147934404782	-1.53624010195914	0.340690204717894	-4.50919950349382	6.50726939970264e-06	0.000183120374962766	Tmem63a	down
41.5806387788564	-1.58854043048698	0.362639720330217	-4.38049210119748	1.18411585112452e-05	0.000309799511337338	Cnih3	down
153.073949208604	-1.28433362255263	0.195890044028744	-6.55640070387738	5.51219933045095e-11	5.78710260475165e-09	Atf3	down
322.40454407921	-1.09101029222077	0.236417420371101	-4.61476269603244	3.93544715294043e-06	0.000120027473874969	Syne1	down
17.1811503833034	-3.00818945164131	1.07852572562431	-2.78916800978484	0.00528436436979366	0.0458650342599261	Grm1	down
18.0112841972252	-2.8384781408474	0.970495764115759	-2.92477128267901	0.00344709475841299	0.0333414989306874	Pde7b	down
23.0231787034293	-1.37768685041672	0.461562384459585	-2.98483346304263	0.00283732752461296	0.0286673351006238	Myb	down
122.610443930359	-3.22978787683061	0.96277715370309	-3.35465778805408	0.000794632203134697	0.0103783781682138	Themis	down
558.860318384322	-1.03126253760032	0.262079425750924	-3.93492367684144	8.32231387846004e-05	0.00161879877317599	Soga3	down
131.830537851641	-1.25041221958338	0.377615810785262	-3.31133438767598	0.000928521824390411	0.0118252958319332	Nkain2	down
185.874780819894	-1.25255877253248	0.420399418427134	-2.9794493465732	0.00288766969008218	0.0290683799533902	Slc35f1	down
41.3440351465677	-1.0919570177723	0.389033743045262	-2.80684397508741	0.00500294671531774	0.0439818901253215	Aire	down
78.830864497165	-1.04799817146897	0.258202949901556	-4.05881564044305	4.9322232759562e-05	0.00105871497789791	Cnn2	down
93.468247409434	-1.01965669902249	0.253108849921398	-4.02853041029241	5.61266015406698e-05	0.00117399933592987	ENSMUSG00000112790	down
153.934942523782	-1.12488458146147	0.29321281492814	-3.83641002095067	0.000124845907437158	0.00225190118062311	Rfx4	down
11.5332454959698	-2.77202684498787	0.839894976743724	-3.3004446052708	0.000965317681481907	0.0121615176825467	1700113H08Rik	down
111.935206952176	-1.12234440207571	0.270899814529358	-4.14302388514216	3.42756231724747e-05	0.000776440050233458	Spic	down
14.7167682743983	-1.76319754558963	0.581798064004375	-3.03060057205067	0.00244067887878376	0.0253960855633548	Slc5a8	down
36.5766234112249	-1.15605932800459	0.347086055899366	-3.33075705104034	0.000866101569105457	0.0111869175858117	Nr1h4	down
222.38424901931	-1.01204802771213	0.283127960136213	-3.57452519781245	0.000350864023285809	0.0054262993138574	Anks1b	down
124.258916668235	-1.19137237012862	0.233715987766412	-5.09752191758204	3.44128582721174e-07	1.44887864468056e-05	Hal	down
1068.2921168678	-1.44102360123174	0.348193160877081	-4.13857525978361	3.49469238296923e-05	0.000786315389754069	Socs2	down
80.5261790044315	-2.63161340849069	0.570082362956709	-4.61619860478043	3.90832941487258e-06	0.000119646017115483	Mgat4c	down
50.9260748244028	-1.11389868874609	0.312178972505443	-3.56814131267816	0.00035952259814763	0.00551852025535322	Olfr814	down
306.108970494821	-1.06541056686826	0.174058645010213	-6.12098621591445	9.29979499945939e-10	7.50305628084462e-08	Camk2b	down
2371.38376067891	-2.01816706947159	0.139609604775105	-14.4557895763878	2.30471597082968e-47	3.43151256093168e-44	Upp1	down
2886.10969492779	-2.35096429575277	0.1814942385485	-12.9533825126054	2.24825067783668e-38	2.63013211440065e-35	Cobl	down
27.5462217443721	-1.67165474890361	0.42108156073819	-3.9699072692071	7.19006092492168e-05	0.00144844794376835	Vstm2a	down
263.777435711669	-1.90120083697244	0.663721572495348	-2.86445539177614	0.00417726986394253	0.0385382200868601	Ccdc85a	down
7.0287273827674	-3.23347580993191	1.12765263911054	-2.86743958004868	0.00413807808980377	0.0383094031763706	Gabrb2	down
13.8582630141354	-2.63360979344298	0.846806171214278	-3.11005030781308	0.00187055482000863	0.0206302672337383	Adra1b	down
80.8339489010534	-1.90614145243075	0.377171039866568	-5.0537852882477	4.33138525913839e-07	1.77269993577281e-05	Slc47a1	down
125.15870994066	-1.89222434110452	0.461005206945621	-4.10456175460882	4.05082055491064e-05	0.000898974783852662	Shisa6	down
61.0249412036894	-2.08252366806239	0.36301031959704	-5.73681671191635	9.64725604717199e-09	6.24516836128786e-07	Pirt	down
804.302652857063	-1.56466520832892	0.292235172703859	-5.35413035279807	8.59688706924888e-08	4.34567334630118e-06	Ntn1	down
26.4357619470226	-1.31776108953347	0.410755559888693	-3.20813938560091	0.00133596733367398	0.0157526803390299	Tnfsfm13	down
15.50597344202	-2.53696927667038	0.650962115463672	-3.89726101781411	9.72867472492443e-05	0.00184505641040295	Asgr2	down
119.034718908252	-2.15191980407429	0.52470625598162	-4.10118953136642	4.1103171798064e-05	0.000907261115510367	Slc13a5	down
261.913590723565	-1.21306757050025	0.286552965221372	-4.23331013016428	2.3027660398974e-05	0.000554627973550582	Xaf1	down
278.049994614153	-1.34505291655532	0.214135257674224	-6.28132392191868	3.35701862649663e-10	3.03763818037358e-08	Smtnl2	down
15.9861871085594	-1.84718152672472	0.536784174168815	-3.44119967691855	0.000579140978919774	0.00810698372029749	Spns3	down
47.0384070320253	-1.49843922750534	0.365095848549325	-4.10423518497745	4.05654633440504e-05	0.000899027278279916	Coro6	down
11.2806159136092	-3.66515802362899	1.15625483878309	-3.16985313331655	0.00152516005515835	0.0175538098266925	Ccl1	down
42.1991621065544	-1.37095255253982	0.345080472375114	-3.97284883466124	7.1018121750982e-05	0.00143774387890925	Hnf1b	down
45.6544200333067	-2.93334928619863	0.468298144954173	-6.26384989521085	3.75587033940363e-10	3.32506186047312e-08	Ankfn1	down
22.3706034271135	-1.70465467708687	0.47476021580635	-3.59055923460567	0.00032996922814223	0.00514689144620327	Hlf	down
42.7498091990896	-1.81129554760871	0.643930440217617	-2.81287455054397	0.004910080280604	0.0434218654620585	Car10	down
27.6610536640332	-1.4406798852497	0.387196888821536	-3.72079406328527	0.000198597341086791	0.003346324333662	Copz2	down
1984.1750200899	-1.12486170825433	0.17078596724156	-6.58638251387085	4.5067185676882e-11	4.85598925668404e-09	Jup	down
12.0024915212786	-2.14774225303271	0.587316119259695	-3.65687605465335	0.000255307752835431	0.00414811662717373	Gm11627	down
80.7611199525681	-1.1759471657442	0.374791077970678	-3.13760714932548	0.00170333004048017	0.0192317263066125	ENSMUSG00000040838	down
74.1878528317933	-1.37264166623561	0.324578906855284	-4.22899220264985	2.34740480667677e-05	0.000562895987170601	Kcnf1	down
6.60773595738953	-3.55914500838462	1.27068871937711	-2.80095742892038	0.00509512399690019	0.044576891464333	Dcdc2c	down
40.2042354661624	-2.35420231393801	0.385442111782175	-6.10779736301476	1.01015489724001e-09	8.07039849121802e-08	Tpo	down
130.434023294018	-1.04224693751213	0.378013436430404	-2.75716902381594	0.00583042048117947	0.0496313028278365	Hdac9	down
150.358713874672	-2.84301647736407	0.496083641181908	-5.7309216457746	9.98864024252183e-09	6.44070668866231e-07	Dgkb	down
2381.31211366558	-1.16552429233573	0.106933391562906	-10.8995354519368	1.15847227140146e-27	7.90560785875549e-25	Etv1	down
78.5394583791624	-1.89726012544723	0.656723249431899	-2.88897968373811	0.00386494043986754	0.0363584115589607	Npas3	down
65.3898770899088	-1.57000589018178	0.238709094375523	-6.57706776647538	4.79816133026895e-11	5.10287573163278e-09	Six1	down
21.5016486378089	-1.80676510930264	0.61768648982797	-2.9250520111033	0.00344398656288569	0.0333414989306874	Syt16	down
261.397189416139	-1.17114189256762	0.220667570800881	-5.30726779796928	1.11280628241602e-07	5.45674889024238e-06	Tex21	down
40.1115427865295	-2.14445357701617	0.606768821205816	-3.53421847344521	0.000408982869458957	0.00611847113027526	Rgs6	down
54.2821283545664	-1.30028117081633	0.389213014196145	-3.34079571697221	0.000835386645779812	0.0108500892026818	Dglucy	down
5.84050163879401	-3.05281050458671	0.974142678589342	-3.13384329799357	0.00172532966804873	0.0193891965231209	Serpina3i	down
62.1477452646156	-1.65700273929087	0.413410390510678	-4.00813036470612	6.1201335697211e-05	0.00126560034854662	Tcl1	down
683.902473257682	-1.40951503036414	0.220126041204513	-6.4032180047912	1.52135716852104e-10	1.423816440345e-08	Mok	down
18.8567914972555	-1.53997826654152	0.545429560396774	-2.82342281819354	0.00475138645059594	0.0425236105398144	Akr1c21	down
321.212807183125	-4.49738637419797	0.234499813659568	-19.178635172508	5.58265985562566e-82	4.57164015577185e-78	Aoah	down
2621.16998193781	-1.26558367957291	0.356488949135467	-3.55013439446614	0.000385034534868708	0.00586068365434917	Cdyl	down
36.9647572161213	-1.97188332172061	0.700637537478602	-2.81441289716915	0.00488664184257218	0.0433081277584671	Shc3	down
26.1912840089045	-1.50084688053597	0.459349554833221	-3.26733065210196	0.00108566797916686	0.0134196755945621	Eif4e1b	down
35.3774656453366	-1.67289693997708	0.377029766529858	-4.43704208125062	9.1203469090637e-06	0.000246084088429399	Rasgrf2	down
29.7052114535215	-3.85847642373377	0.504316989572872	-7.65089517805396	1.99584988749338e-14	3.36989994405841e-12	Fst	down
42.550501450197	-1.28288834033288	0.282664189142854	-4.53855985161435	5.66397204594077e-06	0.000161610686704561	Gm2897	down
39.9240081908887	-1.35383841519957	0.333736215026805	-4.05661224117028	4.97896407011328e-05	0.00106456231775868	D830030K20Rik	down
27.5024574617074	-1.07135007698782	0.365812137181247	-2.92868925903626	0.00340394533688537	0.0330663207161972	ENSMUSG00000096793	down
124.996913520336	-1.47537059247977	0.340365753366519	-4.33466227987702	1.45984064161539e-05	0.000368970216487298	Gm5796	down
29.9350908034094	-1.10302717070786	0.359648337560394	-3.06696029290733	0.00216247580960327	0.0232090621295428	ENSMUSG00000091563	down
47.5701803100733	-1.17204427600045	0.332082511784725	-3.52937668924956	0.000416539771656673	0.00620189852744817	ENSMUSG00000079391	down
32.3722881131822	-1.51681353835623	0.450141039740765	-3.36964063358844	0.000752662728456435	0.00992520947396095	ENSMUSG00000091418	down
84.0284746104329	-1.20103954407758	0.223703352737786	-5.36889380234446	7.92210486705768e-08	4.04967383564775e-06	Gm3173	down
53.1067633244841	-1.5749456689202	0.273704202689709	-5.75418884124943	8.70587965517577e-09	5.68067318695095e-07	ENSMUSG00000090707	down
142.748290755349	-1.40881955095397	0.311236842242775	-4.52651922825718	5.99631456874475e-06	0.000169615958561142	ENSMUSG00000091275	down
84.1462038600059	-1.29592184932145	0.246189305762393	-5.26392422005609	1.41012591938665e-07	6.65563178896671e-06	ENSMUSG00000091568	down
59.1549273613107	-1.55126114711268	0.302536219881409	-5.1275220789126	2.93580559810175e-07	1.28220330895228e-05	Gm3696	down
137.591063383582	-1.38359234835802	0.248344641269628	-5.57125912314673	2.52904848222293e-08	1.45847732541715e-06	Gm10406	down
81.4612985074777	-1.2631675377214	0.335093898313176	-3.76959277408524	0.000163514120830559	0.00283690071076578	Gm3696	down
41.7502461314163	-1.20353620269345	0.34163281374583	-3.522894037892	0.000426861985250228	0.00630400865142311	Gm3558	down
220.124991913866	-1.67642975854868	0.418828902691137	-4.00266015018775	6.26342422428644e-05	0.00129034417541338	Fhit	down
45.3918153446248	-1.49716064330394	0.32593960832425	-4.5933682346901	4.36148451025197e-06	0.000130351082680487	Gm2237	down
5633.79879379373	-1.08039690432337	0.124936350993002	-8.6475785128692	5.26037093185262e-18	1.36752944637908e-15	Nid2	down
27.5049052558314	-1.52887907586987	0.537685454684821	-2.84344510819259	0.00446286960847844	0.0406975937904565	Wdfy4	down
71.9545898435123	-1.80303672679308	0.407855773100203	-4.4207703941219	9.8349633391787e-06	0.000262340439037571	Fam25c	down
94.4686633575922	-2.36291268532658	0.451017806097336	-5.23906740129153	1.61390091158536e-07	7.53061798573931e-06	Sncg	down
46.463321379681	-2.03721107993314	0.501551981780071	-4.06181443586928	4.86927763613911e-05	0.00105071184617505	Cdhr1	down
13.6483741038514	-2.99612537606791	0.731029293920678	-4.09850248271037	4.15831778720509e-05	0.000914160117031475	Gm2832	down
183.185726753237	-2.7440498037281	0.534371989717799	-5.13509288759172	2.82004706198851e-07	1.24492535798512e-05	1700024B05Rik	down
204.9018291639	-2.34904121678139	0.667039662186334	-3.5215915183844	0.000428964571448777	0.00632086065475434	Gm9732	down
43.649711472617	-1.51224319306011	0.493976732148731	-3.06136523168218	0.00220330153619191	0.0235392515066869	Gm46479	down
142.676778724795	-2.16393234177032	0.389508907485799	-5.55554006643406	2.76754721169152e-08	1.584856231926e-06	Ptger2	down
1017.86019696886	-1.27884265701261	0.130256227402834	-9.81790032239782	9.42868814246585e-23	3.59123382319316e-20	Zfhx2	down
1070.95587842453	-1.52792189961919	0.363552048275589	-4.20275970625519	2.63680454905963e-05	0.000615482184906568	Tdh	down
816.192179140096	-1.07731428488175	0.214334054961601	-5.02633277327187	4.99948046617158e-07	1.99710953841361e-05	Dock5	down
28.3055303567987	-1.57435040902453	0.408939656020743	-3.8498355095811	0.000118197175985285	0.00215571642348218	Tnfsf11	down
6234.86990259523	-1.39080858419194	0.137630937969901	-10.1053484391431	5.23092864127204e-24	2.59612573596223e-21	Klf5	down
6.05633693016502	-2.52363805047957	0.740473112983573	-3.40814272149752	0.000654066750913643	0.00889726349374057	Gm5089	down
72.5454573377143	-1.29866466437826	0.296164496715612	-4.38494376868299	1.16015743561483e-05	0.000304504142315701	Zic5	down
49.5348357880964	-1.62181286840139	0.317339567769175	-5.11065443178852	3.21044753794549e-07	1.3692893170956e-05	Zic2	down
69.2687825655876	-2.03001740224894	0.480965922262299	-4.22070942718858	2.43534686632704e-05	0.000580583857011707	Fgf14	down
14.0315312518173	-1.58399013602341	0.479925458668366	-3.30049199810832	0.000965154658769319	0.0121615176825467	Ugt3a2	down
102.602755495171	-1.30744730152924	0.386204770386952	-3.38537325735066	0.00071081526532662	0.0094879644788259	Cdh18	down
14.0937420723663	-1.78804512119731	0.528879789900781	-3.38081574554541	0.000722709878002112	0.00960758310220665	Kcns2	down
117.848610989711	-1.48086650340764	0.268024982668948	-5.52510623696872	3.29286299406124e-08	1.85328213459571e-06	Dpys	down
74.5291247530573	-1.19177086289328	0.411998757702638	-2.89265644765232	0.00381998883247073	0.0360598138894557	Zfpm2	down
12.9431358306878	-2.00051346057093	0.704213332180746	-2.84077760126454	0.00450036851787451	0.0409939018830638	Angpt1	down
440.273681160155	-1.713546159087	0.218924405744927	-7.8271134424523	4.99198622060998e-15	9.39755750817819e-13	Sntb1	down
441.64409996766	-2.13060487615355	0.225891122226058	-9.43199916471868	4.02346056782107e-21	1.34482116693415e-18	Myc	down
11.7566385846795	-2.04362912412794	0.586089690749079	-3.48688802479358	0.000488675915565923	0.00704865498021199	Hhla1	down
907.947161678048	-1.23530304544473	0.217956888457664	-5.66764856199842	1.44770517486303e-08	8.88034282917852e-07	Adgrb1	down
23.280392676711	-3.58723166015384	0.988515850449003	-3.62890656586281	0.000284624224392096	0.00457017210499387	Mroh4	down
120.59423567139	-1.95825431310318	0.49963013173149	-3.91940795547451	8.87667531898782e-05	0.00170836884106208	Cacng2	down
158.413171850892	-1.43143160200173	0.376541909226433	-3.80152000860265	0.000143811122768076	0.00255182943520645	ENSMUSG00000116283	down
22.027453369808	-1.36222709759732	0.473224743569441	-2.87860496753045	0.00399438327567105	0.0373095746819673	Grap2	down
421.312855289919	-2.77182378552081	0.279342611632086	-9.92266725554747	3.31769623696849e-23	1.42992707813342e-20	Rapgef3	down
276.641345121355	-2.20448010912067	0.25344893412545	-8.69792613935207	3.38004413821868e-18	8.92876820899123e-16	Hdac7	down
897.692941554195	-1.0578101953776	0.139487212540203	-7.58356394191135	3.36189738674639e-14	5.45159954456756e-12	Rarg	down
8.68545125811244	-1.8508717564054	0.670130504163909	-2.76195717834789	0.00574560135574186	0.049036716521282	Sp7	down
11.4945489311211	-3.33355351929995	0.697510240205715	-4.77921803458656	1.75978275964298e-06	6.08053207540776e-05	Kng2	down
17.2818673122193	-2.31572342830604	0.583762461167843	-3.9668933553441	7.2815554097998e-05	0.00146327993253621	Masp1	down
53.7591389373114	-1.49933509245538	0.329768716358687	-4.5466262203737	5.45126834855023e-06	0.000156908388422769	Apod	down
37.6646543232195	-1.27779707291245	0.439340897120289	-2.90844098805259	0.00363235723436278	0.0348102672816814	Meltf	down
155.3156338911	-1.4409172560456	0.321379827249189	-4.48353360688177	7.34170338154934e-06	0.000203455867991565	Adcy5	down
693.385013964625	-1.64015298433277	0.263537750553608	-6.22359787501918	4.85881467596511e-10	4.18829825068192e-08	Sema5b	down
44.5577517141841	-1.4688171565407	0.467636381934257	-3.14093858665426	0.00168407342250622	0.0190481730067727	Cd200	down
9.24837726506142	-3.54514701552247	1.19557642723414	-2.96521990126875	0.0030246663979706	0.030169297360513	Myh15	down
26.3121724241903	-1.38505353956756	0.4389749324055	-3.15519961920769	0.00160388327053019	0.0183310538763039	Htr1f	down
48.4128129759116	-1.565742541466	0.515886725372098	-3.03505103826168	0.00240494985438054	0.0251361000096008	Cadm2	down
8.5197088782203	-2.84445774174276	0.902089730867104	-3.15318714359891	0.00161498236031096	0.0184363733028788	Samsn1	down
18.6315284730307	-2.02684333653387	0.690294202808323	-2.93620217044858	0.00332257702361012	0.0324297774092291	Ncam2	down
5236.23589404551	-1.8361410632743	0.226752880623108	-8.09754239164969	5.6080564881703e-16	1.16264239447156e-13	Jam2	down
19.5041614559892	-2.41949102844733	0.815070071833298	-2.96844542826273	0.00299310244868081	0.029982282510394	Grik1	down
2312.0862092122	-1.33171956110761	0.202437905756995	-6.57841008643017	4.7550527274856e-11	5.09008193272936e-09	Hunk	down
120.276257169153	-1.06774981077034	0.33479032372983	-3.18930905432021	0.00142613319982152	0.0165536566595867	Dscam	down
86.1893194535079	-4.06238965292307	1.26448977494287	-3.21267101832168	0.00131506828985137	0.0155622748924752	T	down
672.809675870167	-1.2341288436485	0.20219505276857	-6.10365499427462	1.03669938536255e-09	8.24226336576111e-08	Zscan10	down
30.498060716169	-2.0685773205122	0.448195330270832	-4.61534777540458	3.92437598420033e-06	0.000119913115427673	Mmp25	down
46.7736674062026	-1.03565978203772	0.245218766160827	-4.22341160202429	2.40631776907821e-05	0.000575338283532306	Gng13	down
27.2981507421459	-1.83814491704562	0.49204615123099	-3.73571648197428	0.000187181469700781	0.00317355912086893	Mslnl	down
30.6497487434763	-2.81504958917383	0.658480509153315	-4.27506896566076	1.91078137574736e-05	0.000471306888132384	Msln	down
272.63589779644	-1.37595522489761	0.289312799688861	-4.75594313966535	1.97522063870408e-06	6.71165220346378e-05	Grm4	down
80.0866987951963	-1.71423961342399	0.240754064009046	-7.1202935679606	1.07697424350989e-12	1.39989556827024e-10	Myo1f	down
365.965260655357	-1.77978464480075	0.186673870487418	-9.53419265456713	1.51056319750602e-21	5.17737150450957e-19	Notch4	down
27.4946077729704	-2.19516331989196	0.705190778716748	-3.11286447035872	0.00185281081045337	0.0205036050362198	Cntnap5c	down
30.3234184128585	-3.57905361998561	0.715833704489221	-4.99983948442247	5.73780618619154e-07	2.25356809873969e-05	Pdzph1	down
42.6777332707536	-1.23662669829775	0.313510964875369	-3.94444481005425	7.99850713476522e-05	0.00156324045170865	ENSMUSG00000117121	down
171.641130663114	-1.61909131273994	0.353340936548383	-4.58223530099868	4.60031831188185e-06	0.000136877289197651	Alk	down
5.50057689925872	-2.96576922456033	1.02058008743181	-2.90596422670112	0.0036612330417788	0.0350071099511024	Capn13	down
11.6424751921811	-2.44812088733556	0.836582548981111	-2.92633511219804	0.00342981265339627	0.0332508331920513	Galnt14	down
47.617594680674	-1.24885384112067	0.372822315059958	-3.34972932325638	0.000808905650866675	0.0105312056835409	Qpct	down
365.415631204257	-2.5530689979026	0.153990907282951	-16.5793490209877	9.8287723320017e-62	1.78861814726138e-58	Cdc42ep3	down
173.607819003094	-1.17725504951734	0.152263388347928	-7.73170137805728	1.06118641629715e-14	1.88914251370812e-12	Rmdn2	down
1148.24703017262	-1.27081380969493	0.241231107801445	-5.26803454694126	1.37892160893081e-07	6.52716130377713e-06	Epas1	down
12.3503762203944	-2.17841322216196	0.76714689965293	-2.83962983249689	0.00451659112211631	0.0410731423642537	Armc4	down
586.994766019011	-1.12230676277236	0.184612070735387	-6.07927075570816	1.20730350669402e-09	9.41581753934987e-08	Rnf125	down
20.3380741565164	-2.18729103707548	0.641580324338107	-3.40922399596967	0.000651479634929102	0.00886943762333237	Rit2	down
58.0232332495797	-1.0768079591058	0.255722587691058	-4.21084413711123	2.54418238425591e-05	0.00059954847610566	Sh3rf2	down
49.1336708192127	-1.09199418594863	0.275486988862357	-3.96386845875406	7.37448980002438e-05	0.00147652070837163	Stk32a	down
13.3227088699281	-1.90258095813973	0.491275489800503	-3.87273738999747	0.000107619768297085	0.00200295064223825	Spink1	down
178.006651643242	-1.08368202253843	0.225612165178684	-4.80329605311913	1.56074853114895e-06	5.45030691751759e-05	Ppargc1b	down
7.1694254814915	-3.6867556790898	1.05941962688791	-3.47997675851993	0.000501457281780026	0.00719165268037939	Htr4	down
184.105016923292	-1.45477508736454	0.490283444794185	-2.96721233974204	0.00300513339623947	0.0300167415273146	Ldlrad4	down
812.532981640446	-1.43772625643206	0.146437359708433	-9.8180290828425	9.41665519172031e-23	3.59123382319316e-20	Katnal2	down
184.7390159086	-1.22610405719989	0.426158045319162	-2.87711113439528	0.0040133422332096	0.0374319584826349	Sall3	down
5.05982554497832	-2.58404491160051	0.843948434050331	-3.06185165745138	0.00219972437363357	0.0235163745374481	Olfr1425	down
13.2076866777504	-2.11797617999573	0.76510899699769	-2.76820190104512	0.00563665244835729	0.0484604166924912	Mamdc2	down
6.31727792804978	-2.08545754687107	0.737412167652906	-2.82807585547284	0.00468287089867262	0.042094434455796	Ankrd1	down
2074.67263249656	-1.0779294435487	0.320779336489697	-3.36034563617637	0.000778450180839541	0.0101914125194165	Myof	down
10.8087107333525	-3.33304113864878	1.00510070666654	-3.31612654984887	0.000912744868783593	0.0116334128100682	Cyp2c69	down
21.2936075223843	-4.61541176919988	1.36856476267133	-3.37244673769837	0.00074503494999114	0.00983488294071754	Opalin	down
28.2180424062527	-1.11894896729918	0.388573745011615	-2.87963091089886	0.00398140967285073	0.0372401642615358	ENSMUSG00000094219	down
1054.46466797108	-1.05794614039342	0.219782766301914	-4.81359916518715	1.48235990565111e-06	5.18762618263973e-05	Ccdc3	down
39.6708994573946	-1.13526935507726	0.334694342800087	-3.3919586019276	0.000693949242094618	0.00929313220525401	Prkcq	down
42.4066232309064	-1.79400687157876	0.559570535651875	-3.20604241516901	0.0013457415043171	0.0158337315788114	Gpr158	down
42.2552151180068	-1.57923340871342	0.437294980351766	-3.61136870915615	0.000304585268621057	0.00481050870730537	Ntng2	down
768.662950313219	-1.18787596334094	0.176659693599502	-6.72409160877369	1.76691246993403e-11	1.99575809879859e-09	Tbc1d13	down
8.51787437714256	-2.80838329675055	0.845010188769702	-3.3234904549961	0.000888984649944797	0.0114015588072012	Olfr365	down
127.924645373858	-2.03949536793993	0.57298970125346	-3.55939271417685	0.000371713343580802	0.00567903091526714	Lrp1b	down
73.7108990403864	-1.6456642603355	0.274832505767476	-5.98788071207206	2.1259288580209e-09	1.56136604648727e-07	Upp2	down
758.607020405425	-2.82318198828521	0.126878878493261	-22.2510004959979	1.10304617959678e-109	1.8065690329436e-105	Dpp4	down
13.5064351198138	-2.05521087003614	0.743632437340515	-2.76374559101574	0.00571420727473674	0.0489492271195574	Scn9a	down
140.860982753926	-2.70445580981468	0.383766542996236	-7.04713805612077	1.82635098931809e-12	2.33687316430092e-10	Rapgef4	down
340.440347877408	-1.48522226421593	0.182369084506288	-8.14404627975596	3.82282996059926e-16	8.13120897333698e-14	Ttn	down
24.2587093332474	-1.42021750883572	0.396370162286128	-3.58305857495525	0.000339594418432619	0.0052719216920279	Olfr153	down
9.9314480485287	-3.16179411383442	0.930137587922683	-3.39927571457013	0.000675645687573773	0.00910759265109733	Gm13889	down
11.27794389185	-4.49782373608312	0.88077593295351	-5.10666057938317	3.27901968993483e-07	1.39128975341328e-05	Ehf	down
16.186661501898	-2.07310073657361	0.547764772148837	-3.78465509645865	0.000153921893286635	0.00268756158661888	4931422A03Rik	down
82.5760783620301	-1.80694791660442	0.258295171970848	-6.99567050679661	2.6399330364668e-12	3.3259094824041e-10	D430041D05Rik	down
46.8183743673267	-1.10794791304382	0.387713411246453	-2.85764660418091	0.00426795427522367	0.0392920489711148	Them7	down
227.915840631464	-2.72934046734157	0.499294810549546	-5.46639061667302	4.59291624927037e-08	2.49909575849004e-06	Meis2	down
203.740762870515	-1.7942766001781	0.269730249008757	-6.6521148694741	2.88911067094989e-11	3.1971523357309e-09	Itpka	down
51.3159933177398	-1.13331895775394	0.255267054112425	-4.43973846015711	9.00682674256005e-06	0.000243824476677105	Ltk	down
297.694629532066	-1.05475159678096	0.150248582721148	-7.0200435683211	2.21799071840352e-12	2.81598852604751e-10	Tyro3	down
122.755507713667	-4.07501206672411	0.535700498708042	-7.60688496006983	2.8078102380934e-14	4.6450824322721e-12	Pla2g4e	down
410.581413926593	-1.25840288658174	0.152729178136142	-8.23943991540374	1.73018671140621e-16	3.88178054238505e-14	Shf	down
24.674610227837	-1.43879322435699	0.386747465354825	-3.72023957037949	0.000199033887810601	0.00335023331404113	Mall	down
121.342949864919	-2.91820625971489	0.395577960961414	-7.37706987675064	1.61811093775159e-13	2.38751539986446e-11	Acoxl	down
268.0036214193	-1.30205350164317	0.240955331896453	-5.40371317536443	6.52752947738777e-08	3.40470948346041e-06	Sirpa	down
4.57911500145392	-4.33641920179756	1.43420128360471	-3.02357782786141	0.00249804765809729	0.0258779408882463	Banf2	down
145.068823184004	-3.6613845995152	0.356547810451549	-10.2689863524284	9.72207697602951e-25	5.30760589044705e-22	Syndig1	down
55.9321202324077	-2.13045710379828	0.4361734840757	-4.88442599465428	1.03730592877656e-06	3.76696153026661e-05	Slc52a3	down
20.8161390321261	-2.36381172638188	0.639887421970051	-3.69410562736849	0.000220662069136535	0.00366531781776691	Vstm2l	down
109.241358466554	-1.75534432703097	0.540246464045607	-3.24915468004394	0.00115748519045692	0.0140841697245939	Ptprt	down
6401.06852347165	-1.39906939871343	0.117872616759694	-11.869333498939	1.70823092197355e-32	1.64572976706369e-29	Mybl2	down
52.86294153775	-1.13495637458553	0.336454292385123	-3.37328546632538	0.000742769024487282	0.00981845930835569	Gtsf1l	down
74.4016133470456	-1.15334053307237	0.250343892086831	-4.60702485472398	4.08471193555692e-06	0.000123203337164919	Gm14393	down
6845.89298369822	-1.17857996961068	0.0634664501760325	-18.5701258907932	5.60713428240654e-77	3.06112150924181e-73	Dido1	down
179.038447233979	-1.41255665162822	0.335846557696685	-4.20595840349195	2.59978051377124e-05	0.000610017267257097	Il7	down
2380.01592944657	-1.19191613833958	0.173022652382992	-6.88878665263567	5.62702540059636e-12	6.72696511028958e-10	Stmn2	down
26.8706032406356	-2.05005166338782	0.686298387591661	-2.98711420637575	0.00281624494298245	0.0285569033279293	Egfem1	down
197.577929052546	-1.53785232780026	0.542167277046313	-2.83649049455432	0.00456123360821656	0.0412728641079397	Mecom	down
24.2134186985127	-1.98122452222694	0.400496647304972	-4.94691912044463	7.53972850430051e-07	2.85846466304245e-05	ENSMUSG00000104901	down
121.543925329299	-1.09206252810128	0.285707727629124	-3.82230658289679	0.00013220917109231	0.0023742563641994	Fgf2	down
604.298709538119	-1.64549508775456	0.588246868775719	-2.79728660720154	0.00515337965756536	0.0449425197186398	Pdgfc	down
9.14538660725899	-4.87393852398897	1.44774026911166	-3.36658351499723	0.000761055336448711	0.00999564097863431	Fga	down
23.687379398367	-1.53524677287516	0.539611822698016	-2.84509476682525	0.00443982118506024	0.0405325481432088	Dchs2	down
95.5095496648452	-1.2028584757287	0.226141661922712	-5.31904853577928	1.04311308535704e-07	5.14581509396915e-06	ENSMUSG00000103766	down
449.031310463975	-1.12293078044614	0.214994449693458	-5.22306869803955	1.75982063810183e-07	8.18816545762266e-06	Mex3a	down
59.2804411635028	-1.04043263873796	0.212267427613778	-4.90151810117108	9.50988851947859e-07	3.5000663858881e-05	Rab25	down
1165.55668600822	-2.07340938574183	0.121466794419338	-17.069762939358	2.49209723068309e-65	6.80259474068795e-62	Ubqln4	down
1536.62687770736	-1.70040938958192	0.125390177458441	-13.5609457139934	6.82504172466912e-42	8.59850256666391e-39	Ssr2	down
971.878008696789	-2.25408222664347	0.289811263361582	-7.77775922335763	7.38203973730849e-15	1.37389825929135e-12	She	down
345.279420426996	-2.52097440152192	0.151543438803296	-16.6353252996599	3.86650321098025e-62	7.91569869867931e-59	Tspan2	down
15.0054959301276	-2.38708870152648	0.84103467937754	-2.83827618534493	0.00453579169114775	0.0411335527783045	Ntng1	down
2949.27987604572	-1.16836275552283	0.213293415986298	-5.47772536775297	4.30828106261587e-08	2.37579216308157e-06	Tet2	down
73.6881258367117	-1.53573119933983	0.328893951216018	-4.6693810988672	3.02108490100158e-06	9.74002529696927e-05	Slc9b2	down
16.03866306571	-2.48381216890334	0.877515488676322	-2.83050521723556	0.00464745532161921	0.0417990243039426	Tnni3k	down
49.5585637713345	-1.79080004243566	0.582571873072373	-3.07395554988146	0.00211240903881848	0.0228062196689315	Negr1	down
204.593736493053	-1.08403121604776	0.248043258876066	-4.37033129204851	1.24058172676983e-05	0.000320477090237164	Cth	down
100.008081595789	-1.49712484644685	0.278227597884326	-5.38093581596923	7.40996131335258e-08	3.81787636274112e-06	Runx1t1	down
102.572253151239	-1.58797612994412	0.33423064182001	-4.75113867865915	2.02274342232083e-06	6.85890098773719e-05	Ttpa	down
47.0680004915851	-1.96292240967782	0.56107123076966	-3.49852621561997	0.000467837095064628	0.00678674574222186	Nkain3	down
913.878750360662	-1.22681711107112	0.389439522643938	-3.15021213754102	0.00163151948746625	0.0185329745237321	Fut9	down
62.5235842062202	-1.98233053665172	0.636245677740314	-3.1156683746633	0.00183528539846862	0.0203785113600807	Lingo2	down
20.445863504134	-1.86558108607978	0.471610393213898	-3.95576754228494	7.62893160706794e-05	0.00151084210230422	Igfbpl1	down
33.6566881845449	-3.83137770032366	0.829159620006484	-4.62079629528232	3.82269974132923e-06	0.000118351940195634	Mup6	down
59.290944641165	-1.76073691557588	0.354744688566921	-4.96339190500305	6.92726025309718e-07	2.65376203641347e-05	Tlr4	down
529.009061045326	-1.83924222864663	0.159438783305016	-11.5357266941008	8.71481101278592e-31	6.48778067124581e-28	Adamtsl1	down
18.5481933058581	-1.67145467317999	0.593728789452472	-2.81518212165757	0.00487495984301208	0.0432312892040604	Saxo1	down
2225.32209797136	-1.09326366893564	0.141751571502976	-7.71253297119668	1.23344797334533e-14	2.17219472123116e-12	L1td1	down
285.321847598537	-1.07283242197166	0.294868710332164	-3.63833931637959	0.000274401745997065	0.00441902831459186	Foxd3	down
57.3621979733742	-1.23955861720421	0.310982121550785	-3.98594816648256	6.72111844690457e-05	0.00137254960004243	Mycl	down
872.154325026981	-1.34731792977986	0.208056934986948	-6.47571747543232	9.43624669387408e-11	9.25430229654309e-09	Zc3h12a	down
718.099837876569	-1.29391202045079	0.19897244900786	-6.50297077260015	7.87491008438755e-11	7.96143687420366e-09	Dlgap3	down
23.4379020618236	-2.81541106886201	0.495490435775782	-5.68206945196421	1.33074596594884e-08	8.24217289257535e-07	Spocd1	down
214.769897764668	-1.36746981399319	0.1731011329107	-7.89983168220302	2.79280306271718e-15	5.51090705556409e-13	Adgrb2	down
4667.8898972076	-1.18207011019571	0.255957911681747	-4.61822063803002	3.87044598207542e-06	0.000119154444162465	Epha2	down
39.9537977272317	-1.10176590011491	0.252018633465288	-4.3717636468601	1.23246905316627e-05	0.000318884331007221	Fam131c	down
197.05631938124	-1.61766525010118	0.289022175154301	-5.59702814926762	2.18057313470697e-08	1.28929338628992e-06	Tnfrsf8	down
163.012232097381	-1.25563152800581	0.268622920842975	-4.67432758182165	2.94918278037762e-06	9.52696559704629e-05	ENSMUSG00000078500	down
101.581901498834	-1.29513653883154	0.212895869334937	-6.08342727774569	1.17640289032019e-09	9.21872083141824e-08	Zfp987	down
267.715739788369	-1.51484979207443	0.300441621886924	-5.04207700171637	4.60505896648976e-07	1.86687266715765e-05	LOC115489950	down
17.4926698135982	-1.90704612902988	0.631159699709833	-3.0214953995108	0.00251529462497475	0.0260236862715329	Slc2a7	down
22.0164407073973	-1.82556056806122	0.434166734249307	-4.20474537557026	2.61376239825515e-05	0.00061154572226604	Trp73	down
673.504405818164	-1.25951539024482	0.232428769597407	-5.41893067896219	5.99565576203273e-08	3.1541747621349e-06	Prdm16	down
42.1942450223268	-1.82172504910987	0.652854604446579	-2.79039932735733	0.00526430687900649	0.0457394260288426	Reln	down
468.453826148192	-1.41531483487613	0.335619927492808	-4.21701668744464	2.47555661897724e-05	0.000588456695291862	Cnpy1	down
10.07162234757	-4.53598258146923	1.6186729236331	-2.8022848317548	0.00507420519792378	0.0444413544019228	ENSMUSG00000105926	down
30.0043832329099	-1.20775457088753	0.432712998103403	-2.79112154287291	0.0052525744058096	0.0456617110500794	Kcnk3	down
229.419150829023	-2.22713188175591	0.2215351367092	-10.0531767323185	8.89527368179804e-24	4.28490565766142e-21	4930548H24Rik	down
21.6964068923459	-1.37763047188317	0.466016307984317	-2.95618511258095	0.00311470092287945	0.0308233061721568	Slc5a1	down
752.553405512111	-1.24637267144563	0.193009207328001	-6.45758142163416	1.06389515324777e-10	1.02496910705247e-08	Lrpap1	down
28.763950813546	-1.89575245062915	0.674842078736755	-2.80917937745944	0.00496679642779177	0.0437527647988766	Stk32b	down
97.6849942070814	-1.69625693469145	0.303337904560086	-5.59197155776306	2.24505603039622e-08	1.31790421741323e-06	Clnk	down
13.1915150600229	-3.04663734819414	1.04181949155918	-2.92434281838457	0.00345184359254457	0.0333535659933304	Ldb2	down
44.6065578906779	-2.56844349350358	0.501913137278564	-5.11730676632615	3.09929319143444e-07	1.33228934092686e-05	Kctd8	down
81.112955499704	-1.56118300263908	0.384814155127758	-4.05697914652015	4.97115186568035e-05	0.0010642813758969	Corin	down
4217.52025522128	-1.23368801201369	0.204491820407185	-6.03294552103435	1.60997704727545e-09	1.22075018890173e-07	Kit	down
44.7572976287114	-1.27984278752043	0.315232379901619	-4.05999785910272	4.90731658882718e-05	0.00105532360469084	Prkg2	down
4211.16178367715	-1.05633189545735	0.115752313205317	-9.12579512414291	7.1211572510403e-20	2.15982061958404e-17	Fbrsl1	down
230.784063519695	-1.03524922498653	0.320041859712886	-3.23473068777713	0.00121757517211217	0.014652054495851	Nos1	down
81.5028257641763	-1.48826428751961	0.46317378719019	-3.21318763859255	0.0013127049886988	0.0155455403506211	Zan	down
19.4728213524908	-2.07651462374487	0.39887344515151	-5.20594852574384	1.93008146466113e-07	8.92962548819772e-06	Cyp3a13	down
353.150452173177	-1.67208921492376	0.174681048763066	-9.57224167569402	1.04612409492774e-21	3.72465661450577e-19	Adap1	down
30.565163429077	-1.33452691434164	0.37895572518736	-3.52159058602911	0.000428966079956405	0.00632086065475434	Calcr	down
3191.43594618785	-1.1902639971595	0.155435132089894	-7.65762528172285	1.89402552997353e-14	3.30003724786239e-12	Asns	down
14.5950682817881	-2.5008568169546	0.826891840611292	-3.02440620904641	0.00249121701768912	0.0258398684710022	Nxph1	down
519.530618010401	-1.33508623238614	0.315130609282913	-4.23661235391941	2.26917398583381e-05	0.000548585853187178	Dgki	down
333.42019243082	-1.08249391552627	0.266227435952399	-4.06604943496438	4.78167970034707e-05	0.00103590410227889	Rab19	down
6299.76168306633	-1.11266183260969	0.0994289364684929	-11.1905233237838	4.53747618855062e-29	3.23107760939487e-26	Mkrn1	down
61.8741525915574	-2.1860697976519	0.577862512842008	-3.78302753521855	0.000154932267294601	0.00270232233626303	Tmem178b	down
37.8963717024923	-4.35356604816401	1.33328217669817	-3.26529981743659	0.00109348266572378	0.0134654579693414	Evx1	down
42.1736934883203	-1.39928287934484	0.370983112210316	-3.77182365797709	0.000162058773898966	0.00281463266056974	Cpvl	down
6.10681830784632	-3.04330703272639	1.04505117934636	-2.91211291166608	0.0035899284151215	0.0345046053890023	Itprid1	down
26.492027056388	-2.73474254502396	0.754390527334683	-3.62510191463566	0.000288847519706823	0.00462890868665201	Tafa1	down
40.4892375878193	-2.24544074875652	0.52583242125149	-4.27025922709812	1.95245899326318e-05	0.000480140741616581	Tafa4	down
52.0847647931358	-1.86520129972082	0.526366494505193	-3.54354108628093	0.000394791790216234	0.00594839000934818	Cntn4	down
78.7966891461332	-1.68714726274415	0.459627793352639	-3.67068155395407	0.000241904572328099	0.00396587896455416	Grm7	down
755.193194499874	-1.41078108764144	0.265173523716701	-5.32021850397348	1.03642697678639e-07	5.13052187600785e-06	Srgap3	down
36.3862681468503	-3.40473640480325	0.478130306647445	-7.1209382828639	1.07194787390401e-12	1.39989556827024e-10	Slc6a1	down
39.025139774546	-1.32865749675593	0.292479929131702	-4.54273050701418	5.55302230718223e-06	0.000159277406912488	Rassf4	down
38.9719342363986	-1.06722727760707	0.30629797434377	-3.48427794827427	0.000493466738751807	0.0070894721467343	Rasgef1a	down
67.5495520866908	-2.29828609926142	0.447689049114383	-5.13366611001069	2.84152010837656e-07	1.24767872211773e-05	Cacna1c	down
62.4894969606043	-1.42046498504708	0.319780452588557	-4.44200067123775	8.91262820686441e-06	0.000242074667946974	Cacna2d4	down
17.6086518391061	-3.87198884564753	0.918722951307284	-4.21453370696567	2.50294770982263e-05	0.000593245695969248	Slc6a12	down
22.743990842879	-2.56172302675664	0.738673464223061	-3.46800467436727	0.000524338167976571	0.00746748740445241	Iqsec3	down
1463.35103847825	-1.14543319647969	0.13558357838848	-8.44817056825086	2.95902859213002e-17	7.4558415818316e-15	Phc1	down
497.304209219393	-1.40140764552555	0.342718770878969	-4.08908926094526	4.33070190784811e-05	0.000948238447148881	Gdf3	down
22.8810876809524	-1.57842200799779	0.424339753955326	-3.71971278506224	0.000199449455616173	0.00335378150316395	Clec2g	down
1305.40744695528	-1.05961136605679	0.305415341811755	-3.46941106419562	0.000521600726518222	0.00743496666572276	Gprc5a	down
146.720671279297	-1.95332064996282	0.371447857014897	-5.25866716707019	1.45103243824107e-07	6.82902565330813e-06	Gsg1	down
6.60121510313617	-2.65720803595939	0.933578787925301	-2.84626008037792	0.00442360492375475	0.0404295766971291	Tarm1	down
28.8457319037351	-1.52274860930949	0.483207500066333	-3.15133479737059	0.00162526075056877	0.0185107931660747	Lair1	down
211.018344512788	-1.09233935936974	0.266387966440089	-4.10055819700627	4.12154765949271e-05	0.000908515579638918	Shisa7	down
36.6577294781237	-2.12230668728761	0.746310329622823	-2.84373216214252	0.00445885122104749	0.0406836018375018	Cyp2b23	down
42.4061654744726	-1.37526462529886	0.470233957558754	-2.92463911461993	0.00344855899307513	0.0333414989306874	Kirrel2	down
860.972298900196	-1.03008801696814	0.158185102113825	-6.51191549142799	7.41984623963306e-11	7.59514010704439e-09	Rhpn2	down
82.4903840869341	-1.28066100648676	0.289480641403327	-4.4239953327395	9.68921140896937e-06	0.000260147384354263	Tdrd12	down
61.4281326331826	-1.8502869028709	0.470448083383771	-3.93303101494733	8.38814098070602e-05	0.0016296675324081	Zfp536	down
191.043679247933	-1.09682822921171	0.223093547705693	-4.91644980543612	8.81277804881984e-07	3.28782867616336e-05	Zfp819	down
1723.60948377649	-1.18875704294429	0.320077549505374	-3.71396570856443	0.000204036453981167	0.00341688041237582	Nav2	down
26.1257370981506	-2.56593070105888	0.632436621605006	-4.05721397750027	4.9661579084183e-05	0.0010642813758969	Slc6a5	down
132.286017031411	-2.24515241866281	0.635887693273192	-3.53073733367292	0.000414403051563404	0.00618132347769165	Nell1	down
9.16595467886762	-1.97722142963478	0.71624723655599	-2.76052922611203	0.00577077943872775	0.0491747271839142	Snrpn	down
3567.8979633848	-1.63846580214842	0.189701247185521	-8.63708502952572	5.76654650835916e-18	1.47569529240479e-15	Pcsk6	down
33.9499237000992	-1.60966330490807	0.391006640910571	-4.11671602599768	3.84309109045666e-05	0.000859865380867476	ENSMUSG00000108793	down
176.321602798983	-2.87652901334508	0.721013235722621	-3.98956478304055	6.61946389500026e-05	0.00135655363646809	Ntrk3	down
114.954099088195	-2.49833155707561	0.242086792529853	-10.3199828911258	5.72333553720327e-25	3.232303083735e-22	Slc28a1	down
27.3668625949863	-2.06626509300076	0.637182677439478	-3.24281429197677	0.00118355328757822	0.0142951591032125	Grm5	down
82.55163350962	-1.1765381180138	0.26760351118157	-4.39657205101287	1.09973866406834e-05	0.000290040577135448	Rab38	down
15.1583670299612	-2.45588327038083	0.864431811007287	-2.84103759152395	0.00449670114763905	0.0409832895915595	Me3	down
7.45929183319871	-3.64107616751255	1.31301282526059	-2.77306976555231	0.00555302143711344	0.0478418648590447	Sytl2	down
83.1730151818996	-2.10968481496566	0.727662406557454	-2.8992631692305	0.00374040799680332	0.0355132766212434	Dlg2	down
16.7311952055448	-1.6779071394483	0.427608273432945	-3.92393516144496	8.71141904385861e-05	0.00168249553184335	Nlrp14	down
8.91960881605744	-3.82708130631779	0.868047286853456	-4.40883966147788	1.03925928581778e-05	0.000275420527235009	Gpr139	down
51.7152263122211	-1.79014334055064	0.458667941422052	-3.90291794756896	9.50399288140406e-05	0.00181417710269972	Abca14	down
43.1804145289033	-2.09968940370851	0.69079223201262	-3.03953823798955	0.00236941122323699	0.0248757801372919	Hs3st4	down
993.810032622714	-1.39250889219771	0.188961497573035	-7.36927315925559	1.71560814260824e-13	2.50877054996765e-11	Nfatc2ip	down
24.4237169561661	-2.79637483150483	0.705820104118287	-3.96188039301894	7.43617918353734e-05	0.00147982676388791	Adam12	down
47.7355381729723	-1.63103938841814	0.458732406757132	-3.55553556799763	0.000377209907594595	0.0057520236017411	Tcerg1l	down
129.651639197707	-1.10366628707227	0.202996397732437	-5.43687621751289	5.42227793309524e-08	2.89270579766234e-06	Kndc1	down
231.566835562133	-2.59803845347528	0.219014952835926	-11.8623793482338	1.85624060158815e-32	1.68897269848949e-29	Utf1	down
497.812301114255	-1.06729831712573	0.155475784512825	-6.86472379264752	6.66200256199538e-12	7.90654188118553e-10	B4galnt4	down
24.789987675289	-1.37188381482927	0.454719866629501	-3.01698675493996	0.0025530096678037	0.0263019648276768	Fgf15	down
42.8764810440756	-2.00402867460174	0.679451723180511	-2.94947912593537	0.00318310074914128	0.0313486614969548	Fam155a	down
15.1697566631812	-1.43248068568974	0.468788901017464	-3.05570520671601	0.00224531896643375	0.0238791130079559	1700016D06Rik	down
795.539277231444	-1.01837752766021	0.163469394053596	-6.22977489796235	4.67105846341518e-10	4.06928699541563e-08	Kbtbd11	down
134.955998206685	-1.47329449126757	0.327598373911697	-4.49725825459893	6.8835357525756e-06	0.000191732225434835	Ank1	down
67.6857875615755	-2.37203513578097	0.374877252576653	-6.32749818634554	2.49167899448739e-10	2.29262463886036e-08	Nkx6-3	down
742.218273969795	-1.57775311839635	0.260753462829288	-6.0507465606671	1.44176114792345e-09	1.10341888227525e-07	Sfrp1	down
320.983991326058	-1.2462082915126	0.309168944269905	-4.03083270363874	5.55795945519579e-05	0.00116852708545824	Zmat4	down
54.6834341192661	-1.65816362655271	0.542914453243601	-3.05418950747421	0.00225669478500866	0.0239845212127656	Unc5d	down
779.365396446207	-2.56860983078056	0.151990236707349	-16.8998344000629	4.51171878649405e-64	1.05561328978857e-60	Vegfc	down
36.2124560070675	-1.5674278396886	0.442006376875273	-3.54616567020909	0.000390880384258765	0.0059112086180887	Tll1	down
714.257033009342	-1.3791716125423	0.191072880617442	-7.21803956733986	5.27423721411202e-13	7.38303052074587e-11	Klf2	down
16.1083898535428	-2.63194853056341	0.718248219319127	-3.66439965985353	0.00024791940716406	0.00404424706228384	Nwd1	down
15.1110762116397	-3.28742845830716	0.864552274090518	-3.80246349101959	0.000143264383778607	0.00254488511662258	Ttc29	down
174.39990559692	-3.54373416474143	0.621574957688645	-5.7012177226685	1.1895458689471e-08	7.49322393908295e-07	Pou4f2	down
35.5260038386751	-2.18088285608036	0.649578561481404	-3.3573812089899	0.000786845461882787	0.0102930950277287	Cntnap4	down
2436.4380215656	-1.03376921133325	0.22658839957314	-4.56232187208489	5.0591010042127e-06	0.000148189396186409	Cdyl2	down
31.4640036878461	-1.81090928869287	0.424695309334608	-4.26401999007268	2.00781469731557e-05	0.000491539448619347	Pkd1l2	down
1166.36468950641	-2.63039367550541	0.286262471872701	-9.18874785890598	3.97440593371275e-20	1.22816642230844e-17	Cdh13	down
189.165426275477	-1.13301562827648	0.312768111167628	-3.62254202976993	0.000291722042509949	0.00466324138017912	Cntn5	down
9.69517661425263	-3.43607252856124	0.780800840480321	-4.40070290709151	1.07900775060892e-05	0.000285032079668919	Gpr83	down
168.835246299733	-1.15683673818205	0.20370710762616	-5.6789218189925	1.35546411367705e-08	8.3457861856401e-07	Vstm5	down
7.92200790109356	-3.55989695296543	1.28914128907565	-2.76144824708701	0.00575456360063946	0.0490876263808714	Muc16	down
68.9980172929908	-1.26482792027228	0.300752743907238	-4.20554075031947	2.60458651580271e-05	0.000610270643144732	Fez1	down
434.239339576741	-1.35456927161451	0.240339547962737	-5.63606482202638	1.73979913240939e-08	1.04758934524269e-06	Robo4	down
11.4764873618069	-2.07480652333545	0.687336962822952	-3.01861624728291	0.00253931960271875	0.02622255766288	Olfr984	down
200.908763214932	-2.72356731343629	0.391966719669319	-6.94846571600265	3.69280217337978e-12	4.58187227239501e-10	Olfr986	down
1918.17689716736	-1.39730955802659	0.222742435379235	-6.27320768782821	3.53684616194847e-10	3.16538067980284e-08	Ncam1	down
10.176041228425	-2.16304285052656	0.532078735161737	-4.06526836647409	4.79772235227957e-05	0.00103663715944109	Tnfaip8l3	down
70.6422712856155	-1.19485855708686	0.288712464087118	-4.13857628511083	3.49467676782543e-05	0.000786315389754069	Lingo1	down
163.383081666555	-1.09422864132134	0.235908375813737	-4.63836282856399	3.51179890065243e-06	0.000110395858723389	Rpp25	down
38.3606503573184	-1.01083364791293	0.35011444880895	-2.88715204799936	0.0038874631898961	0.0365073808051137	Cyp11a1	down
22.021425868571	-1.2173723594962	0.410253237418298	-2.96736807528214	0.0030036114919384	0.0300167415273146	Aldh1a2	down
88.5439722022915	-4.15251423593371	0.357509431179178	-11.6151180186699	3.45311249075596e-31	2.69309887493338e-28	Hcrtr2	down
124.474618378708	-1.17625325188743	0.219957358296232	-5.34764220210032	8.91073966140338e-08	4.47669000535168e-06	Ooep	down
81.2447556584708	-1.44813870975359	0.307074410369479	-4.71592116064363	2.40619601918677e-06	8.05903443808608e-05	Trim43b	down
533.75992761745	-1.25717615483037	0.211775885815583	-5.93635177106584	2.91434157251468e-09	2.07526462063676e-07	Pcolce2	down
34.3880552952985	-1.34962093099548	0.416830390254972	-3.23781797716316	0.00120447630959484	0.0145264455070281	Ky	down
205.068114839811	-4.14788509790587	1.18545412664741	-3.49898406413797	0.00046703449331097	0.00678110898177931	Col6a5	down
3018.61279471557	-1.08444395696634	0.180409658940411	-6.01100829820056	1.84372967098994e-09	1.36636219689924e-07	Tdgf1	down
7.16440516270503	-2.5921288384767	0.839007093944767	-3.08951957281942	0.00200480496391535	0.0218170735541565	Dclk3	down
6.94041491239206	-3.63373331552359	1.23306446502083	-2.9469126867282	0.00320963817151666	0.0315542517931973	Arpp21	down
26.1981984895699	-3.79896383365547	0.76292074621038	-4.97949997103353	6.37487625219729e-07	2.47411666489306e-05	ENSMUSG00000103968	down
1454.18747481799	-1.83948054146453	0.234788609613995	-7.83462427963916	4.70246742943088e-15	8.95546646037429e-13	Itga9	down
3.93219478116971	-5.02497895053646	1.78703737644161	-2.81190478541771	0.00492490795016329	0.0434825565540562	Scn11a	down
339.628779561169	-1.23318984820921	0.273638019079712	-4.50664659960859	6.5860188126113e-06	0.000184701739919431	Dcaf12l1	down
2665.37146026097	-1.54039276835495	0.236457624901384	-6.51445589457043	7.29536131033064e-11	7.51468097739593e-09	Zic3	down
48.8110234374823	-1.72162848717051	0.342951068124005	-5.02004118718184	5.16604015649723e-07	2.05862300932145e-05	Fgf13	down
345.057115222243	-1.3626528552132	0.281235036486445	-4.84524571417999	1.2645507869026e-06	4.51215964877794e-05	Mcf2	down
3.27673709217161	-5.19691966536275	1.84817002005894	-2.81192726262112	0.00492456381665848	0.0434825565540562	Cldn34d	down
1193.54133373231	-1.08837043187568	0.245277100167905	-4.43730960261123	9.10902320003458e-06	0.000246084088429399	Dmd	down
394.6003797954	-1.93174595668968	0.239058200476361	-8.08065129261569	6.4421778611344e-16	1.31887486262074e-13	Nr0b1	down
235.544095445183	-3.5417797219891	0.198004139393715	-17.887402419131	1.47841351200536e-71	4.84269129992477e-68	Slc7a3	down
687.358795373198	-1.04189042140141	0.17966727638564	-5.79899936349613	6.67117856731397e-09	4.4596147989987e-07	Nexmif	down
4.22103729933394	-4.23333545351276	1.38620223730641	-3.05390897488286	0.00225880605614273	0.023991391431586	Ube2dnl1	down
32.0038714666934	-1.09605219547301	0.329373902890532	-3.32768378385243	0.000875712055422415	0.0112666237578227	Cldn34c1	down
75.0946872535165	-1.09428106108828	0.349705616662007	-3.12914922995335	0.00175313248036776	0.0196125708766825	Pcdh19	down
24.3910447560991	-2.52810040282424	0.791991906039289	-3.19207858507942	0.00141252896348328	0.0164423591783433	Ripply1	down
46.1726162653542	-1.3300655027354	0.291762825788555	-4.5587216230875	5.14659355026756e-06	0.000149451966606883	Klhl34	down
9.38253107647315	-2.17988428938084	0.685361135412357	-3.18063598407762	0.00146952152771958	0.0169850554558866	Adgrg2	down
35.3310755587901	-1.66465528605919	0.407601720774483	-4.08402418639495	4.42624208128043e-05	0.000966573237429477	Egfl6	down
41.0195643683392	-1.56190014391583	0.535102129237912	-2.91888231904493	0.00351288811825128	0.033863497116374	Frmpd4	down
